"No.","Time","Source","Destination","Protocol","Length","Info"
"1","0.000000","192.168.178.65","192.168.178.255","UDP","77","54055  >  15600 Len=35"
"2","0.102508","AVMAudio_37:6a:b7","Broadcast","ARP","42","Who has 192.168.178.55? Tell 192.168.178.1"
"3","0.408955","192.168.178.21","224.0.0.22","IGMPv3","54","Membership Report / Join group 224.0.0.113 for any sources"
"4","0.892761","192.168.178.21","88.198.34.109","TCP","55","60946  >  443 [ACK] Seq=1 Ack=1 Win=511 Len=1 [TCP segment of a reassembled PDU]"
"5","0.939627","192.168.178.21","35.152.66.6","TCP","66","62837  >  8080 [SYN] Seq=0 Win=64240 Len=0 MSS=1460 WS=256 SACK_PERM=1"
"6","0.939986","192.168.178.21","35.152.66.6","TCP","66","62836  >  8080 [SYN] Seq=0 Win=64240 Len=0 MSS=1460 WS=256 SACK_PERM=1"
"7","0.940171","192.168.178.21","35.152.66.6","TCP","66","62838  >  8080 [SYN] Seq=0 Win=64240 Len=0 MSS=1460 WS=256 SACK_PERM=1"
"8","0.940307","192.168.178.21","35.152.66.6","TCP","66","62839  >  8080 [SYN] Seq=0 Win=64240 Len=0 MSS=1460 WS=256 SACK_PERM=1"
"9","0.940419","192.168.178.21","35.152.66.6","TCP","66","62840  >  8080 [SYN] Seq=0 Win=64240 Len=0 MSS=1460 WS=256 SACK_PERM=1"
"10","0.940541","192.168.178.21","35.152.66.6","TCP","66","62841  >  8080 [SYN] Seq=0 Win=64240 Len=0 MSS=1460 WS=256 SACK_PERM=1"
"11","0.948140","88.198.34.109","192.168.178.21","TCP","66","443  >  60946 [ACK] Seq=1 Ack=2 Win=501 Len=0 SLE=1 SRE=2"
"12","1.029471","AVMAudio_37:6a:b7","Broadcast","ARP","42","Who has 192.168.178.55? Tell 192.168.178.1"
"13","1.331021","AVMAudio_37:6a:b7","Broadcast","HomePlug AV","60","Qualcomm Atheros, GET_SW.REQ (Get Device/SW Version Request)"
"14","1.332003","AVMAudio_37:6a:b7","Broadcast","0x8912","60","Ethernet II"
"15","3.070801","192.168.178.65","239.255.255.250","UDP","77","48874  >  15600 Len=35"
"16","3.279820","AVMAudio_37:6a:b7","Broadcast","HomePlug AV","60","Qualcomm Atheros, GET_SW.REQ (Get Device/SW Version Request)"
"17","3.279978","AVMAudio_37:6a:b7","Broadcast","0x8912","60","Ethernet II"
"18","5.325003","AVMAudio_37:6a:b7","Broadcast","HomePlug AV","60","Qualcomm Atheros, GET_SW.REQ (Get Device/SW Version Request)"
"19","5.325856","AVMAudio_37:6a:b7","Broadcast","0x8912","60","Ethernet II"
"20","6.058686","192.168.178.65","192.168.178.255","UDP","77","38630  >  15600 Len=35"
"21","7.272029","AVMAudio_37:6a:b7","Broadcast","HomePlug AV","60","Qualcomm Atheros, GET_SW.REQ (Get Device/SW Version Request)"
"22","7.272088","AVMAudio_37:6a:b7","Broadcast","0x8912","60","Ethernet II"
"23","9.028857","192.168.178.65","239.255.255.250","UDP","77","42767  >  15600 Len=35"
"24","9.321895","AVMAudio_37:6a:b7","Broadcast","HomePlug AV","60","Qualcomm Atheros, GET_SW.REQ (Get Device/SW Version Request)"
"25","9.322050","AVMAudio_37:6a:b7","Broadcast","0x8912","60","Ethernet II"
"26","9.524282","157.90.91.75","192.168.178.21","TLSv1.2","78","Application Data"
"27","9.524765","192.168.178.21","157.90.91.75","TLSv1.2","82","Application Data"
"28","9.572371","157.90.91.75","192.168.178.21","TCP","54","443  >  60858 [ACK] Seq=25 Ack=29 Win=501 Len=0"
"29","9.672226","192.168.178.21","142.250.180.132","QUIC","1292","Initial, DCID=2ab2d883a0b17f76, PKN: 1, PING, PING, PING, PING, CRYPTO, CRYPTO, CRYPTO, CRYPTO, PING, PADDING, CRYPTO, CRYPTO, PADDING, PING, PADDING, PING, PING, PADDING, CRYPTO, PING"
"30","9.692457","142.250.180.132","192.168.178.21","QUIC","1292","Initial, SCID=2ab2d883a0b17f76, PKN: 1, ACK, CRYPTO, PADDING"
"31","9.709022","142.250.180.132","192.168.178.21","QUIC","1292","Handshake, SCID=2ab2d883a0b17f76"
"32","9.709182","142.250.180.132","192.168.178.21","QUIC","1292","Handshake, SCID=2ab2d883a0b17f76"
"33","9.709927","192.168.178.21","142.250.180.132","QUIC","1292","Initial, DCID=2ab2d883a0b17f76, PKN: 2, ACK, PADDING"
"34","9.710135","192.168.178.21","142.250.180.132","QUIC","83","Handshake, DCID=2ab2d883a0b17f76"
"35","9.728090","142.250.180.132","192.168.178.21","QUIC","1292","Handshake, SCID=2ab2d883a0b17f76"
"36","9.728090","142.250.180.132","192.168.178.21","QUIC","828","Protected Payload (KP0)"
"37","9.734517","192.168.178.21","142.250.180.132","QUIC","205","Protected Payload (KP0), DCID=2ab2d883a0b17f76"
"38","9.757843","142.250.180.132","192.168.178.21","QUIC","877","Protected Payload (KP0)"
"39","9.757843","142.250.180.132","192.168.178.21","QUIC","163","Protected Payload (KP0)"
"40","9.758749","192.168.178.21","142.250.180.132","QUIC","75","Protected Payload (KP0), DCID=2ab2d883a0b17f76"
"41","9.778633","142.250.180.132","192.168.178.21","QUIC","67","Protected Payload (KP0)"
"42","9.957929","192.168.178.21","192.168.178.1","DNS","113","Standard query 0xfc5a A cbf47764dbe97396212caba7cc08e1f0.clo.footprintdns.com"
"43","9.958458","192.168.178.21","151.5.24.147","TLSv1.2","187","Application Data"
"44","9.958625","192.168.178.21","151.5.24.147","TCP","1506","62640  >  443 [ACK] Seq=134 Ack=1 Win=1020 Len=1452 [TCP segment of a reassembled PDU]"
"45","9.958625","192.168.178.21","151.5.24.147","TCP","1506","62640  >  443 [ACK] Seq=1586 Ack=1 Win=1020 Len=1452 [TCP segment of a reassembled PDU]"
"46","9.958625","192.168.178.21","151.5.24.147","TLSv1.2","555","Application Data"
"47","9.958715","192.168.178.21","151.5.24.147","TLSv1.2","85","Application Data"
"48","9.966447","151.5.24.147","192.168.178.21","TCP","54","443  >  62640 [ACK] Seq=1 Ack=134 Win=524 Len=0"
"49","9.966447","151.5.24.147","192.168.178.21","TCP","54","443  >  62640 [ACK] Seq=1 Ack=1586 Win=547 Len=0"
"50","9.967132","151.5.24.147","192.168.178.21","TCP","54","443  >  62640 [ACK] Seq=1 Ack=3038 Win=569 Len=0"
"51","9.967132","151.5.24.147","192.168.178.21","TCP","54","443  >  62640 [ACK] Seq=1 Ack=3539 Win=592 Len=0"
"52","9.967132","151.5.24.147","192.168.178.21","TCP","54","443  >  62640 [ACK] Seq=1 Ack=3570 Win=592 Len=0"
"53","9.972728","151.5.24.147","192.168.178.21","TLSv1.2","89","Application Data"
"54","9.972870","192.168.178.21","151.5.24.147","TCP","54","62640  >  443 [ACK] Seq=3570 Ack=36 Win=1019 Len=0"
"55","9.993909","192.168.178.1","192.168.178.21","DNS","228","Standard query response 0xfc5a A cbf47764dbe97396212caba7cc08e1f0.clo.footprintdns.com CNAME ma1prdapp01-canary.netmon.azure.com CNAME ma1prdapp01-canary.southindia.cloudapp.azure.com A 52.140.48.131"
"56","9.994817","192.168.178.21","52.140.48.131","TCP","66","62887  >  443 [SYN] Seq=0 Win=65535 Len=0 MSS=1460 WS=256 SACK_PERM=1"
"57","10.046493","151.5.24.147","192.168.178.21","TLSv1.2","380","Application Data"
"58","10.046734","192.168.178.21","151.5.24.147","TCP","54","62640  >  443 [ACK] Seq=3570 Ack=362 Win=1018 Len=0"
"59","10.154283","52.140.48.131","192.168.178.21","TCP","66","443  >  62887 [SYN, ACK] Seq=0 Ack=1 Win=65535 Len=0 MSS=1440 WS=256 SACK_PERM=1"
"60","10.154767","192.168.178.21","52.140.48.131","TCP","54","62887  >  443 [ACK] Seq=1 Ack=1 Win=262144 Len=0"
"61","10.158792","192.168.178.21","52.140.48.131","TLSv1.2","381","Client Hello"
"62","10.313562","157.90.91.75","192.168.178.21","TLSv1.2","78","Application Data"
"63","10.314414","192.168.178.21","157.90.91.75","TLSv1.2","82","Application Data"
"64","10.319668","52.140.48.131","192.168.178.21","TCP","1506","443  >  62887 [ACK] Seq=1 Ack=328 Win=525056 Len=1452 [TCP segment of a reassembled PDU]"
"65","10.319668","52.140.48.131","192.168.178.21","TCP","1506","443  >  62887 [ACK] Seq=1453 Ack=328 Win=525056 Len=1452 [TCP segment of a reassembled PDU]"
"66","10.319668","52.140.48.131","192.168.178.21","TCP","1506","443  >  62887 [ACK] Seq=2905 Ack=328 Win=525056 Len=1452 [TCP segment of a reassembled PDU]"
"67","10.319668","52.140.48.131","192.168.178.21","TCP","1506","443  >  62887 [ACK] Seq=4357 Ack=328 Win=525056 Len=1452 [TCP segment of a reassembled PDU]"
"68","10.319668","52.140.48.131","192.168.178.21","TLSv1.2","318","Server Hello, Certificate, Certificate Status, Server Key Exchange, Server Hello Done"
"69","10.320055","192.168.178.21","52.140.48.131","TCP","54","62887  >  443 [ACK] Seq=328 Ack=1453 Win=262144 Len=0"
"70","10.320254","192.168.178.21","52.140.48.131","TCP","54","62887  >  443 [ACK] Seq=328 Ack=2905 Win=262144 Len=0"
"71","10.320397","192.168.178.21","52.140.48.131","TCP","54","62887  >  443 [ACK] Seq=328 Ack=4357 Win=262144 Len=0"
"72","10.320666","192.168.178.21","52.140.48.131","TCP","54","62887  >  443 [ACK] Seq=328 Ack=5809 Win=262144 Len=0"
"73","10.320933","192.168.178.21","52.140.48.131","TCP","54","62887  >  443 [ACK] Seq=328 Ack=6073 Win=261632 Len=0"
"74","10.350440","157.90.91.75","192.168.178.21","TCP","54","443  >  60871 [ACK] Seq=25 Ack=29 Win=501 Len=0"
"75","10.460081","192.168.178.21","192.168.178.1","DNS","77","Standard query 0xaa28 A ocsp.digicert.com"
"76","10.480360","192.168.178.1","192.168.178.21","DNS","125","Standard query response 0xaa28 A ocsp.digicert.com CNAME cs9.wac.phicdn.net A 93.184.220.29"
"77","10.496534","192.168.178.21","93.184.220.29","TCP","66","62888  >  80 [SYN] Seq=0 Win=64240 Len=0 MSS=1460 WS=256 SACK_PERM=1"
"78","10.528329","93.184.220.29","192.168.178.21","TCP","66","80  >  62888 [SYN, ACK] Seq=0 Ack=1 Win=65535 Len=0 MSS=1452 SACK_PERM=1 WS=512"
"79","10.528574","192.168.178.21","93.184.220.29","TCP","54","62888  >  80 [ACK] Seq=1 Ack=1 Win=132096 Len=0"
"80","10.528809","192.168.178.21","93.184.220.29","HTTP","294","GET /MFEwTzBNMEswSTAJBgUrDgMCGgUABBQ50otx%2Fh0Ztl%2Bz8SiPI7wEWVxDlQQUTiJUIBiV5uNu5g%2F6%2BrkS7QYXjzkCEAqvpsXKY8RRQeo74ffHUxc%3D HTTP/1.1 "
"81","10.560083","93.184.220.29","192.168.178.21","TCP","54","80  >  62888 [ACK] Seq=1 Ack=241 Win=67072 Len=0"
"82","10.560083","93.184.220.29","192.168.178.21","OCSP","853","Response"
"83","10.578794","192.168.178.21","52.140.48.131","TLSv1.2","212","Client Key Exchange, Change Cipher Spec, Encrypted Handshake Message"
"84","10.579340","192.168.178.21","52.140.48.131","TLSv1.2","141","Application Data"
"85","10.604526","192.168.178.21","93.184.220.29","TCP","54","62888  >  80 [ACK] Seq=241 Ack=800 Win=131328 Len=0"
"86","10.634440","192.168.178.21","151.5.24.147","TLSv1.2","537","Application Data"
"87","10.634755","192.168.178.21","151.5.24.147","TLSv1.2","490","Application Data"
"88","10.634888","192.168.178.21","151.5.24.147","TLSv1.2","85","Application Data"
"89","10.644455","151.5.24.147","192.168.178.21","TCP","54","443  >  62640 [ACK] Seq=362 Ack=4053 Win=615 Len=0"
"90","10.644455","151.5.24.147","192.168.178.21","TCP","54","443  >  62640 [ACK] Seq=362 Ack=4489 Win=637 Len=0"
"91","10.644455","151.5.24.147","192.168.178.21","TCP","54","443  >  62640 [ACK] Seq=362 Ack=4520 Win=637 Len=0"
"92","10.646506","151.5.24.147","192.168.178.21","TLSv1.2","89","Application Data"
"93","10.646746","192.168.178.21","151.5.24.147","TCP","54","62640  >  443 [ACK] Seq=4520 Ack=397 Win=1018 Len=0"
"94","10.716264","151.5.24.147","192.168.178.21","TLSv1.2","381","Application Data"
"95","10.716525","192.168.178.21","151.5.24.147","TCP","54","62640  >  443 [ACK] Seq=4520 Ack=724 Win=1024 Len=0"
"96","10.749781","192.168.178.1","192.168.178.21","TCP","54","49000  >  60956 [FIN, ACK] Seq=1 Ack=1 Win=980 Len=0"
"97","10.749895","52.140.48.131","192.168.178.21","TCP","54","443  >  62887 [ACK] Seq=6073 Ack=573 Win=524800 Len=0"
"98","10.750109","52.140.48.131","192.168.178.21","TLSv1.2","105","Change Cipher Spec, Encrypted Handshake Message"
"99","10.750109","52.140.48.131","192.168.178.21","TLSv1.2","123","Application Data"
"100","10.750229","192.168.178.21","52.140.48.131","TCP","54","62887  >  443 [ACK] Seq=573 Ack=6124 Win=261632 Len=0"
"101","10.750706","192.168.178.21","52.140.48.131","TCP","54","62887  >  443 [ACK] Seq=573 Ack=6193 Win=261632 Len=0"
"102","10.754380","192.168.178.21","52.140.48.131","TLSv1.2","402","Application Data"
"103","10.754464","192.168.178.21","52.140.48.131","TLSv1.2","92","Application Data"
"104","10.861145","192.168.178.21","151.5.24.147","TLSv1.2","739","Application Data"
"105","10.863019","192.168.178.21","151.5.24.147","TLSv1.2","1151","Application Data"
"106","10.865733","192.168.178.21","151.5.24.147","TCP","1506","62640  >  443 [ACK] Seq=6302 Ack=724 Win=1024 Len=1452 [TCP segment of a reassembled PDU]"
"107","10.865733","192.168.178.21","151.5.24.147","TLSv1.2","164","Application Data"
"108","10.869990","151.5.24.147","192.168.178.21","TCP","54","443  >  62640 [ACK] Seq=724 Ack=5205 Win=660 Len=0"
"109","10.872919","192.168.178.21","151.5.24.147","TLSv1.2","1228","Application Data"
"110","10.884860","151.5.24.147","192.168.178.21","TCP","54","443  >  62640 [ACK] Seq=724 Ack=6302 Win=683 Len=0"
"111","10.885128","151.5.24.147","192.168.178.21","TCP","54","443  >  62640 [ACK] Seq=724 Ack=7754 Win=706 Len=0"
"112","10.885128","151.5.24.147","192.168.178.21","TCP","54","443  >  62640 [ACK] Seq=724 Ack=7864 Win=706 Len=0"
"113","10.885463","151.5.24.147","192.168.178.21","TCP","54","443  >  62640 [ACK] Seq=724 Ack=9038 Win=728 Len=0"
"114","10.908792","52.140.48.131","192.168.178.21","TLSv1.2","92","Application Data"
"115","10.908968","192.168.178.21","52.140.48.131","TCP","54","62887  >  443 [ACK] Seq=959 Ack=6231 Win=261632 Len=0"
"116","10.916785","52.140.48.131","192.168.178.21","TCP","54","443  >  62887 [ACK] Seq=6231 Ack=959 Win=524544 Len=0"
"117","10.916785","52.140.48.131","192.168.178.21","TLSv1.2","447","Application Data"
"118","10.916968","192.168.178.21","52.140.48.131","TCP","54","62887  >  443 [ACK] Seq=959 Ack=6624 Win=261120 Len=0"
"119","10.924896","192.168.178.21","52.140.48.131","TLSv1.2","136","Application Data"
"120","10.948441","192.168.178.21","88.198.34.109","TCP","55","[TCP Keep-Alive] 60946  >  443 [ACK] Seq=1 Ack=1 Win=511 Len=1"
"121","10.963801","151.5.24.147","192.168.178.21","TCP","1506","443  >  62640 [ACK] Seq=724 Ack=9038 Win=728 Len=1452 [TCP segment of a reassembled PDU]"
"122","10.963801","151.5.24.147","192.168.178.21","TLSv1.2","408","Application Data"
"123","10.964244","192.168.178.21","151.5.24.147","TCP","54","62640  >  443 [ACK] Seq=9038 Ack=2176 Win=1024 Len=0"
"124","10.964609","192.168.178.21","151.5.24.147","TCP","54","62640  >  443 [ACK] Seq=9038 Ack=2530 Win=1022 Len=0"
"125","10.986174","88.198.34.109","192.168.178.21","TCP","66","[TCP Keep-Alive ACK] 443  >  60946 [ACK] Seq=1 Ack=2 Win=501 Len=0 SLE=1 SRE=2"
"126","11.025206","151.5.24.147","192.168.178.21","TLSv1.2","508","Application Data"
"127","11.025206","151.5.24.147","192.168.178.21","TCP","1506","443  >  62640 [ACK] Seq=2984 Ack=9038 Win=728 Len=1452 [TCP segment of a reassembled PDU]"
"128","11.025206","151.5.24.147","192.168.178.21","TLSv1.2","129","Application Data"
"129","11.025428","192.168.178.21","151.5.24.147","TCP","54","62640  >  443 [ACK] Seq=9038 Ack=2984 Win=1020 Len=0"
"130","11.025564","192.168.178.21","151.5.24.147","TCP","54","62640  >  443 [ACK] Seq=9038 Ack=4436 Win=1024 Len=0"
"131","11.025671","192.168.178.21","151.5.24.147","TCP","54","62640  >  443 [ACK] Seq=9038 Ack=4511 Win=1023 Len=0"
"132","11.053735","151.5.24.147","192.168.178.21","TCP","1506","443  >  62640 [ACK] Seq=4511 Ack=9038 Win=728 Len=1452 [TCP segment of a reassembled PDU]"
"133","11.053735","151.5.24.147","192.168.178.21","TLSv1.2","724","Application Data"
"134","11.053902","192.168.178.21","151.5.24.147","TCP","54","62640  >  443 [ACK] Seq=9038 Ack=5963 Win=1024 Len=0"
"135","11.054016","192.168.178.21","151.5.24.147","TCP","54","62640  >  443 [ACK] Seq=9038 Ack=6633 Win=1021 Len=0"
"136","11.084986","52.140.48.131","192.168.178.21","TLSv1.2","169","Application Data"
"137","11.085159","192.168.178.21","52.140.48.131","TCP","54","62887  >  443 [ACK] Seq=1041 Ack=6739 Win=261120 Len=0"
"138","11.093711","151.5.24.147","192.168.178.21","TLSv1.2","508","Application Data"
"139","11.093711","151.5.24.147","192.168.178.21","TCP","1506","443  >  62640 [ACK] Seq=7087 Ack=9038 Win=728 Len=1452 [TCP segment of a reassembled PDU]"
"140","11.093711","151.5.24.147","192.168.178.21","TLSv1.2","143","Application Data"
"141","11.093895","192.168.178.21","151.5.24.147","TCP","54","62640  >  443 [ACK] Seq=9038 Ack=7087 Win=1019 Len=0"
"142","11.094011","192.168.178.21","151.5.24.147","TCP","54","62640  >  443 [ACK] Seq=9038 Ack=8539 Win=1024 Len=0"
"143","11.094120","192.168.178.21","151.5.24.147","TCP","54","62640  >  443 [ACK] Seq=9038 Ack=8628 Win=1023 Len=0"
"144","11.156532","192.168.178.21","192.168.178.1","DNS","86","Standard query 0x4290 A a-ring-fallback.msedge.net"
"145","11.181927","192.168.178.21","192.168.178.1","DNS","86","Standard query 0x4290 A a-ring-fallback.msedge.net"
"146","11.263761","AVMAudio_37:6a:b7","Broadcast","HomePlug AV","60","Qualcomm Atheros, GET_SW.REQ (Get Device/SW Version Request)"
"147","11.264822","AVMAudio_37:6a:b7","Broadcast","0x8912","60","Ethernet II"
"148","11.327440","192.168.178.21","192.168.178.1","DNS","85","Standard query 0xa796 A login.microsoftonline.com"
"149","11.335130","192.168.178.1","192.168.178.21","DNS","304","Standard query response 0xa796 A login.microsoftonline.com CNAME ak.privatelink.msidentity.com CNAME www.tm.ak.prd.aadg.trafficmanager.net A 40.126.31.64 A 20.190.159.19 A 20.190.159.5 A 20.190.159.1 A 40.126.31.70 A 20.190.159.3 A 20.190.159.69 A 20.190.159.70"
"150","11.337457","192.168.178.21","40.126.31.64","TCP","66","62890  >  443 [SYN] Seq=0 Win=65535 Len=0 MSS=1460 WS=256 SACK_PERM=1"
"151","11.337717","192.168.178.21","40.126.31.64","TCP","66","62891  >  443 [SYN] Seq=0 Win=65535 Len=0 MSS=1460 WS=256 SACK_PERM=1"
"152","11.381512","40.126.31.64","192.168.178.21","TCP","66","443  >  62890 [SYN, ACK] Seq=0 Ack=1 Win=65535 Len=0 MSS=1440 WS=256 SACK_PERM=1"
"153","11.381512","40.126.31.64","192.168.178.21","TCP","66","443  >  62891 [SYN, ACK] Seq=0 Ack=1 Win=65535 Len=0 MSS=1440 WS=256 SACK_PERM=1"
"154","11.381869","192.168.178.21","40.126.31.64","TCP","54","62890  >  443 [ACK] Seq=1 Ack=1 Win=262144 Len=0"
"155","11.381965","192.168.178.21","40.126.31.64","TCP","54","62891  >  443 [ACK] Seq=1 Ack=1 Win=262144 Len=0"
"156","11.390769","192.168.178.21","40.126.31.64","TLSv1.2","353","Client Hello"
"157","11.390818","192.168.178.21","40.126.31.64","TLSv1.2","353","Client Hello"
"158","11.437066","40.126.31.64","192.168.178.21","TCP","1506","443  >  62890 [ACK] Seq=1 Ack=300 Win=4194304 Len=1452 [TCP segment of a reassembled PDU]"
"159","11.437066","40.126.31.64","192.168.178.21","TCP","1506","443  >  62890 [ACK] Seq=1453 Ack=300 Win=4194304 Len=1452 [TCP segment of a reassembled PDU]"
"160","11.437066","40.126.31.64","192.168.178.21","TLSv1.2","1375","Server Hello, Certificate, Certificate Status, Server Key Exchange, Server Hello Done"
"161","11.437066","40.126.31.64","192.168.178.21","TCP","1506","443  >  62891 [ACK] Seq=1 Ack=300 Win=4194304 Len=1452 [TCP segment of a reassembled PDU]"
"162","11.437320","192.168.178.21","40.126.31.64","TCP","54","62890  >  443 [ACK] Seq=300 Ack=1453 Win=262144 Len=0"
"163","11.437457","192.168.178.21","40.126.31.64","TCP","54","62890  >  443 [ACK] Seq=300 Ack=2905 Win=262144 Len=0"
"164","11.437603","192.168.178.21","40.126.31.64","TCP","54","62890  >  443 [ACK] Seq=300 Ack=4226 Win=260608 Len=0"
"165","11.437738","192.168.178.21","40.126.31.64","TCP","54","62891  >  443 [ACK] Seq=300 Ack=1453 Win=262144 Len=0"
"166","11.439487","40.126.31.64","192.168.178.21","TCP","1506","443  >  62891 [ACK] Seq=1453 Ack=300 Win=4194304 Len=1452 [TCP segment of a reassembled PDU]"
"167","11.439487","40.126.31.64","192.168.178.21","TLSv1.2","1375","Server Hello, Certificate, Certificate Status, Server Key Exchange, Server Hello Done"
"168","11.439712","192.168.178.21","40.126.31.64","TCP","54","62891  >  443 [ACK] Seq=300 Ack=2905 Win=262144 Len=0"
"169","11.439927","192.168.178.21","40.126.31.64","TCP","54","62891  >  443 [ACK] Seq=300 Ack=4226 Win=260608 Len=0"
"170","11.478319","192.168.178.21","40.126.31.64","TLSv1.2","212","Client Key Exchange, Change Cipher Spec, Encrypted Handshake Message"
"171","11.485754","192.168.178.21","40.126.31.64","TLSv1.2","212","Client Key Exchange, Change Cipher Spec, Encrypted Handshake Message"
"172","11.522016","40.126.31.64","192.168.178.21","TLSv1.2","105","Change Cipher Spec, Encrypted Handshake Message"
"173","11.522220","192.168.178.21","40.126.31.64","TCP","54","62890  >  443 [ACK] Seq=458 Ack=4277 Win=260608 Len=0"
"174","11.525280","192.168.178.21","40.126.31.64","TLSv1.2","736","Application Data"
"175","11.525399","192.168.178.21","40.126.31.64","TLSv1.2","368","Application Data"
"176","11.530590","40.126.31.64","192.168.178.21","TLSv1.2","105","Change Cipher Spec, Encrypted Handshake Message"
"177","11.530768","192.168.178.21","40.126.31.64","TCP","54","62891  >  443 [ACK] Seq=458 Ack=4277 Win=260608 Len=0"
"178","11.532135","192.168.178.21","40.126.31.64","TLSv1.2","736","Application Data"
"179","11.532244","192.168.178.21","40.126.31.64","TLSv1.2","370","Application Data"
"180","11.583247","40.126.31.64","192.168.178.21","TCP","54","443  >  62890 [ACK] Seq=4277 Ack=1454 Win=4194816 Len=0"
"181","11.583247","40.126.31.64","192.168.178.21","TCP","54","443  >  62891 [ACK] Seq=4277 Ack=1456 Win=4194816 Len=0"
"182","11.583586","40.126.31.64","192.168.178.21","TLSv1.2","1142","Application Data"
"183","11.583857","192.168.178.21","40.126.31.64","TCP","54","62890  >  443 [ACK] Seq=1454 Ack=5365 Win=262144 Len=0"
"184","11.599739","40.126.31.64","192.168.178.21","TLSv1.2","1142","Application Data"
"185","11.600043","192.168.178.21","40.126.31.64","TCP","54","62891  >  443 [ACK] Seq=1456 Ack=5365 Win=262144 Len=0"
"186","11.659182","192.168.178.21","40.126.31.64","TLSv1.2","821","Application Data"
"187","11.659605","192.168.178.21","40.126.31.64","TCP","1494","62891  >  443 [ACK] Seq=2223 Ack=5365 Win=262144 Len=1440 [TCP segment of a reassembled PDU]"
"188","11.659605","192.168.178.21","40.126.31.64","TLSv1.2","1117","Application Data"
"189","11.689246","192.168.178.21","40.126.31.64","TLSv1.2","821","Application Data"
"190","11.689407","192.168.178.21","40.126.31.64","TCP","1494","62890  >  443 [ACK] Seq=2221 Ack=5365 Win=262144 Len=1440 [TCP segment of a reassembled PDU]"
"191","11.689407","192.168.178.21","40.126.31.64","TLSv1.2","1117","Application Data"
"192","11.707479","40.126.31.64","192.168.178.21","TCP","54","443  >  62891 [ACK] Seq=5365 Ack=4726 Win=4194816 Len=0"
"193","11.725021","192.168.178.21","151.5.24.147","TLSv1.2","573","Application Data"
"194","11.725342","192.168.178.21","151.5.24.147","TCP","1506","62640  >  443 [ACK] Seq=9557 Ack=8628 Win=1023 Len=1452 [TCP segment of a reassembled PDU]"
"195","11.725342","192.168.178.21","151.5.24.147","TCP","1506","62640  >  443 [ACK] Seq=11009 Ack=8628 Win=1023 Len=1452 [TCP segment of a reassembled PDU]"
"196","11.725342","192.168.178.21","151.5.24.147","TCP","1506","62640  >  443 [ACK] Seq=12461 Ack=8628 Win=1023 Len=1452 [TCP segment of a reassembled PDU]"
"197","11.725342","192.168.178.21","151.5.24.147","TCP","1506","62640  >  443 [ACK] Seq=13913 Ack=8628 Win=1023 Len=1452 [TCP segment of a reassembled PDU]"
"198","11.725342","192.168.178.21","151.5.24.147","TCP","1506","62640  >  443 [ACK] Seq=15365 Ack=8628 Win=1023 Len=1452 [TCP segment of a reassembled PDU]"
"199","11.725342","192.168.178.21","151.5.24.147","TCP","1506","62640  >  443 [ACK] Seq=16817 Ack=8628 Win=1023 Len=1452 [TCP segment of a reassembled PDU]"
"200","11.725342","192.168.178.21","151.5.24.147","TCP","1506","62640  >  443 [ACK] Seq=18269 Ack=8628 Win=1023 Len=1452 [TCP segment of a reassembled PDU]"
"201","11.725342","192.168.178.21","151.5.24.147","TCP","1506","62640  >  443 [ACK] Seq=19721 Ack=8628 Win=1023 Len=1452 [TCP segment of a reassembled PDU]"
"202","11.725342","192.168.178.21","151.5.24.147","TCP","1506","62640  >  443 [ACK] Seq=21173 Ack=8628 Win=1023 Len=1452 [TCP segment of a reassembled PDU]"
"203","11.725342","192.168.178.21","151.5.24.147","TCP","1506","62640  >  443 [ACK] Seq=22625 Ack=8628 Win=1023 Len=1452 [TCP segment of a reassembled PDU]"
"204","11.725342","192.168.178.21","151.5.24.147","TCP","1506","62640  >  443 [ACK] Seq=24077 Ack=8628 Win=1023 Len=1452 [TCP segment of a reassembled PDU]"
"205","11.725342","192.168.178.21","151.5.24.147","TLSv1.2","439","Application Data"
"206","11.725583","192.168.178.21","151.5.24.147","TCP","1506","62640  >  443 [ACK] Seq=25914 Ack=8628 Win=1023 Len=1452 [TCP segment of a reassembled PDU]"
"207","11.725583","192.168.178.21","151.5.24.147","TCP","1506","62640  >  443 [ACK] Seq=27366 Ack=8628 Win=1023 Len=1452 [TCP segment of a reassembled PDU]"
"208","11.725583","192.168.178.21","151.5.24.147","TCP","1506","62640  >  443 [ACK] Seq=28818 Ack=8628 Win=1023 Len=1452 [TCP segment of a reassembled PDU]"
"209","11.725583","192.168.178.21","151.5.24.147","TCP","1506","62640  >  443 [ACK] Seq=30270 Ack=8628 Win=1023 Len=1452 [TCP segment of a reassembled PDU]"
"210","11.725583","192.168.178.21","151.5.24.147","TLSv1.2","490","Application Data"
"211","11.725669","192.168.178.21","151.5.24.147","TLSv1.2","85","Application Data"
"212","11.732996","40.126.31.64","192.168.178.21","TCP","54","443  >  62890 [ACK] Seq=5365 Ack=4724 Win=4194816 Len=0"
"213","11.734067","151.5.24.147","192.168.178.21","TCP","54","443  >  62640 [ACK] Seq=8628 Ack=9557 Win=751 Len=0"
"214","11.734067","151.5.24.147","192.168.178.21","TCP","54","443  >  62640 [ACK] Seq=8628 Ack=11009 Win=774 Len=0"
"215","11.734067","151.5.24.147","192.168.178.21","TCP","54","443  >  62640 [ACK] Seq=8628 Ack=12461 Win=797 Len=0"
"216","11.734067","151.5.24.147","192.168.178.21","TCP","54","443  >  62640 [ACK] Seq=8628 Ack=15365 Win=842 Len=0"
"217","11.735202","151.5.24.147","192.168.178.21","TCP","54","443  >  62640 [ACK] Seq=8628 Ack=16817 Win=865 Len=0"
"218","11.735202","151.5.24.147","192.168.178.21","TCP","54","443  >  62640 [ACK] Seq=8628 Ack=18269 Win=888 Len=0"
"219","11.735202","151.5.24.147","192.168.178.21","TCP","54","443  >  62640 [ACK] Seq=8628 Ack=22625 Win=956 Len=0"
"220","11.735202","151.5.24.147","192.168.178.21","TCP","54","443  >  62640 [ACK] Seq=8628 Ack=24077 Win=979 Len=0"
"221","11.735202","151.5.24.147","192.168.178.21","TCP","54","443  >  62640 [ACK] Seq=8628 Ack=25914 Win=1007 Len=0"
"222","11.735202","151.5.24.147","192.168.178.21","TCP","54","443  >  62640 [ACK] Seq=8628 Ack=27366 Win=1030 Len=0"
"223","11.735202","151.5.24.147","192.168.178.21","TCP","54","443  >  62640 [ACK] Seq=8628 Ack=28818 Win=1053 Len=0"
"224","11.735202","151.5.24.147","192.168.178.21","TCP","54","443  >  62640 [ACK] Seq=8628 Ack=30270 Win=1076 Len=0"
"225","11.735202","151.5.24.147","192.168.178.21","TCP","54","443  >  62640 [ACK] Seq=8628 Ack=32158 Win=1105 Len=0"
"226","11.735202","151.5.24.147","192.168.178.21","TCP","54","443  >  62640 [ACK] Seq=8628 Ack=32189 Win=1105 Len=0"
"227","11.739477","151.5.24.147","192.168.178.21","TLSv1.2","154","Application Data"
"228","11.739639","192.168.178.21","151.5.24.147","TCP","54","62640  >  443 [ACK] Seq=32189 Ack=8728 Win=1023 Len=0"
"229","11.792627","40.126.31.64","192.168.178.21","TCP","1506","443  >  62891 [ACK] Seq=5365 Ack=4726 Win=4194816 Len=1452 [TCP segment of a reassembled PDU]"
"230","11.792627","40.126.31.64","192.168.178.21","TLSv1.2","108","Application Data"
"231","11.792874","192.168.178.21","40.126.31.64","TCP","54","62891  >  443 [ACK] Seq=4726 Ack=6817 Win=262144 Len=0"
"232","11.793000","192.168.178.21","40.126.31.64","TCP","54","62891  >  443 [ACK] Seq=4726 Ack=6871 Win=261888 Len=0"
"233","11.797038","151.5.24.147","192.168.178.21","TLSv1.2","380","Application Data"
"234","11.797197","192.168.178.21","151.5.24.147","TCP","54","62640  >  443 [ACK] Seq=32189 Ack=9054 Win=1021 Len=0"
"235","11.857252","40.126.31.64","192.168.178.21","TCP","1506","443  >  62890 [ACK] Seq=5365 Ack=4724 Win=4194816 Len=1452 [TCP segment of a reassembled PDU]"
"236","11.857252","40.126.31.64","192.168.178.21","TLSv1.2","110","Application Data"
"237","11.857480","192.168.178.21","40.126.31.64","TCP","54","62890  >  443 [ACK] Seq=4724 Ack=6817 Win=262144 Len=0"
"238","11.857633","192.168.178.21","40.126.31.64","TCP","54","62890  >  443 [ACK] Seq=4724 Ack=6873 Win=261888 Len=0"
"239","11.950904","192.168.178.65","192.168.178.255","UDP","77","38442  >  15600 Len=35"
"240","11.962208","192.168.178.21","192.168.178.1","DNS","84","Standard query 0x80f6 A 114.t.dancevalidator.com"
"241","11.962591","192.168.178.21","192.168.178.1","DNS","84","Standard query 0xd877 A 112.t.dancevalidator.com"
"242","11.962629","192.168.178.21","192.168.178.1","DNS","84","Standard query 0xfe5d A 110.t.dancevalidator.com"
"243","11.963007","192.168.178.21","192.168.178.1","DNS","84","Standard query 0xf5a0 A 115.t.dancevalidator.com"
"244","11.963053","192.168.178.21","192.168.178.1","DNS","84","Standard query 0xf3d9 A 111.t.dancevalidator.com"
"245","11.963539","192.168.178.21","192.168.178.1","DNS","84","Standard query 0x4410 A 113.t.dancevalidator.com"
"246","11.970208","192.168.178.1","192.168.178.21","DNS","170","Standard query response 0xd877 A 112.t.dancevalidator.com A 35.152.66.6 SOA dns1.registrar-servers.com"
"247","11.971146","192.168.178.21","35.152.66.6","TCP","66","62893  >  8080 [SYN] Seq=0 Win=64240 Len=0 MSS=1460 WS=256 SACK_PERM=1"
"248","11.971411","192.168.178.1","192.168.178.21","DNS","170","Standard query response 0xfe5d A 110.t.dancevalidator.com A 35.152.66.6 SOA dns1.registrar-servers.com"
"249","11.971411","192.168.178.1","192.168.178.21","DNS","170","Standard query response 0xf3d9 A 111.t.dancevalidator.com A 35.152.66.6 SOA dns1.registrar-servers.com"
"250","11.972241","192.168.178.21","35.152.66.6","TCP","66","62894  >  8080 [SYN] Seq=0 Win=64240 Len=0 MSS=1460 WS=256 SACK_PERM=1"
"251","11.972336","192.168.178.1","192.168.178.21","DNS","170","Standard query response 0xf5a0 A 115.t.dancevalidator.com A 35.152.66.6 SOA dns1.registrar-servers.com"
"252","11.972336","192.168.178.1","192.168.178.21","DNS","170","Standard query response 0x80f6 A 114.t.dancevalidator.com A 35.152.66.6 SOA dns1.registrar-servers.com"
"253","11.972336","192.168.178.1","192.168.178.21","DNS","170","Standard query response 0x4410 A 113.t.dancevalidator.com A 35.152.66.6 SOA dns1.registrar-servers.com"
"254","11.972424","192.168.178.21","35.152.66.6","TCP","66","62895  >  8080 [SYN] Seq=0 Win=64240 Len=0 MSS=1460 WS=256 SACK_PERM=1"
"255","11.973159","192.168.178.21","35.152.66.6","TCP","66","62896  >  8080 [SYN] Seq=0 Win=64240 Len=0 MSS=1460 WS=256 SACK_PERM=1"
"256","11.973159","192.168.178.21","35.152.66.6","TCP","66","62897  >  8080 [SYN] Seq=0 Win=64240 Len=0 MSS=1460 WS=256 SACK_PERM=1"
"257","11.973277","192.168.178.21","35.152.66.6","TCP","66","62898  >  8080 [SYN] Seq=0 Win=64240 Len=0 MSS=1460 WS=256 SACK_PERM=1"
"258","12.045561","192.168.178.21","40.126.31.64","TCP","54","62890  >  443 [RST, ACK] Seq=4724 Ack=6873 Win=0 Len=0"
"259","12.046191","192.168.178.21","40.126.31.64","TCP","54","62891  >  443 [RST, ACK] Seq=4726 Ack=6871 Win=0 Len=0"
"260","12.196242","192.168.178.21","192.168.178.1","DNS","86","Standard query 0x4290 A a-ring-fallback.msedge.net"
"261","12.977301","192.168.178.21","35.152.66.6","TCP","66","[TCP Retransmission] [TCP Port numbers reused] 62893  >  8080 [SYN] Seq=0 Win=64240 Len=0 MSS=1460 WS=256 SACK_PERM=1"
"262","12.979871","192.168.178.21","35.152.66.6","TCP","66","[TCP Retransmission] [TCP Port numbers reused] 62894  >  8080 [SYN] Seq=0 Win=64240 Len=0 MSS=1460 WS=256 SACK_PERM=1"
"263","12.980012","192.168.178.21","35.152.66.6","TCP","66","[TCP Retransmission] [TCP Port numbers reused] 62895  >  8080 [SYN] Seq=0 Win=64240 Len=0 MSS=1460 WS=256 SACK_PERM=1"
"264","12.980064","192.168.178.21","35.152.66.6","TCP","66","[TCP Retransmission] [TCP Port numbers reused] 62896  >  8080 [SYN] Seq=0 Win=64240 Len=0 MSS=1460 WS=256 SACK_PERM=1"
"265","12.980129","192.168.178.21","35.152.66.6","TCP","66","[TCP Retransmission] [TCP Port numbers reused] 62897  >  8080 [SYN] Seq=0 Win=64240 Len=0 MSS=1460 WS=256 SACK_PERM=1"
"266","12.980189","192.168.178.21","35.152.66.6","TCP","66","[TCP Retransmission] [TCP Port numbers reused] 62898  >  8080 [SYN] Seq=0 Win=64240 Len=0 MSS=1460 WS=256 SACK_PERM=1"
"267","13.251346","AVMAudio_37:6a:b7","Broadcast","HomePlug AV","60","Qualcomm Atheros, GET_SW.REQ (Get Device/SW Version Request)"
"268","13.252289","AVMAudio_37:6a:b7","Broadcast","0x8912","60","Ethernet II"
"269","13.544824","192.168.178.21","192.168.178.1","DNS","75","Standard query 0x38be A windows.msn.com"
"270","13.555899","192.168.178.1","192.168.178.21","DNS","150","Standard query response 0x38be A windows.msn.com CNAME www-msn-com.a-0003.a-msedge.net CNAME a-0003.a-msedge.net A 204.79.197.203"
"271","13.557946","192.168.178.21","204.79.197.203","TCP","66","62899  >  443 [SYN] Seq=0 Win=65535 Len=0 MSS=1460 WS=256 SACK_PERM=1"
"272","13.565922","204.79.197.203","192.168.178.21","TCP","66","443  >  62899 [SYN, ACK] Seq=0 Ack=1 Win=65535 Len=0 MSS=1440 WS=256 SACK_PERM=1"
"273","13.566364","192.168.178.21","204.79.197.203","TCP","54","62899  >  443 [ACK] Seq=1 Ack=1 Win=262144 Len=0"
"274","13.567022","192.168.178.21","204.79.197.203","TLSv1.2","560","Client Hello"
"275","13.574661","204.79.197.203","192.168.178.21","TCP","54","443  >  62899 [ACK] Seq=1 Ack=507 Win=4194304 Len=0"
"276","13.577440","204.79.197.203","192.168.178.21","TCP","1506","443  >  62899 [ACK] Seq=1 Ack=507 Win=4194304 Len=1452 [TCP segment of a reassembled PDU]"
"277","13.577440","204.79.197.203","192.168.178.21","TCP","1506","443  >  62899 [ACK] Seq=1453 Ack=507 Win=4194304 Len=1452 [TCP segment of a reassembled PDU]"
"278","13.577440","204.79.197.203","192.168.178.21","TCP","1506","443  >  62899 [ACK] Seq=2905 Ack=507 Win=4194304 Len=1452 [TCP segment of a reassembled PDU]"
"279","13.577440","204.79.197.203","192.168.178.21","TLSv1.2","1408","Server Hello, Certificate, Certificate Status, Server Key Exchange, Server Hello Done"
"280","13.577805","192.168.178.21","204.79.197.203","TCP","54","62899  >  443 [ACK] Seq=507 Ack=1453 Win=262144 Len=0"
"281","13.577995","192.168.178.21","204.79.197.203","TCP","54","62899  >  443 [ACK] Seq=507 Ack=2905 Win=262144 Len=0"
"282","13.578138","192.168.178.21","204.79.197.203","TCP","54","62899  >  443 [ACK] Seq=507 Ack=4357 Win=262144 Len=0"
"283","13.578378","192.168.178.21","204.79.197.203","TCP","54","62899  >  443 [ACK] Seq=507 Ack=5711 Win=260608 Len=0"
"284","13.636004","192.168.178.21","204.79.197.203","TLSv1.2","212","Client Key Exchange, Change Cipher Spec, Encrypted Handshake Message"
"285","13.647501","204.79.197.203","192.168.178.21","TCP","54","443  >  62899 [ACK] Seq=5711 Ack=665 Win=4194048 Len=0"
"286","13.647731","204.79.197.203","192.168.178.21","TLSv1.2","396","New Session Ticket, Change Cipher Spec, Encrypted Handshake Message"
"287","13.647731","204.79.197.203","192.168.178.21","TLSv1.2","123","Application Data"
"288","13.648067","192.168.178.21","204.79.197.203","TCP","54","62899  >  443 [ACK] Seq=665 Ack=6053 Win=262144 Len=0"
"289","13.648366","192.168.178.21","204.79.197.203","TCP","54","62899  >  443 [ACK] Seq=665 Ack=6122 Win=261888 Len=0"
"290","13.650650","192.168.178.21","204.79.197.203","TLSv1.2","141","Application Data"
"291","13.650873","192.168.178.21","204.79.197.203","TLSv1.2","92","Application Data"
"292","13.652059","192.168.178.21","204.79.197.203","TLSv1.2","259","Application Data"
"293","13.673434","204.79.197.203","192.168.178.21","TCP","54","443  >  62899 [ACK] Seq=6122 Ack=752 Win=4194048 Len=0"
"294","13.673723","204.79.197.203","192.168.178.21","TLSv1.2","92","Application Data"
"295","13.673723","204.79.197.203","192.168.178.21","TCP","54","443  >  62899 [ACK] Seq=6160 Ack=995 Win=4193792 Len=0"
"296","13.674027","192.168.178.21","204.79.197.203","TCP","54","62899  >  443 [ACK] Seq=995 Ack=6160 Win=261888 Len=0"
"297","13.706617","204.79.197.203","192.168.178.21","TLSv1.2","830","Application Data"
"298","13.707318","192.168.178.21","204.79.197.203","TCP","54","62899  >  443 [ACK] Seq=995 Ack=6936 Win=261120 Len=0"
"299","14.211054","192.168.178.21","192.168.178.1","DNS","86","Standard query 0x4290 A a-ring-fallback.msedge.net"
"300","14.226084","192.168.178.1","192.168.178.21","DNS","135","Standard query response 0x4290 A a-ring-fallback.msedge.net CNAME a-9999.a-dc-msedge.net A 131.253.33.254"
"301","14.470878","AVMAudio_37:6a:b7","RivetNet_c7:a9:29","ARP","42","Who has 192.168.178.21? Tell 192.168.178.1"
"302","14.470910","RivetNet_c7:a9:29","AVMAudio_37:6a:b7","ARP","42","192.168.178.21 is at 9c:b6:d0:c7:a9:29"
"303","14.991316","192.168.178.21","35.152.66.6","TCP","66","[TCP Retransmission] [TCP Port numbers reused] 62893  >  8080 [SYN] Seq=0 Win=64240 Len=0 MSS=1460 WS=256 SACK_PERM=1"
"304","14.993998","192.168.178.21","35.152.66.6","TCP","66","[TCP Retransmission] [TCP Port numbers reused] 62894  >  8080 [SYN] Seq=0 Win=64240 Len=0 MSS=1460 WS=256 SACK_PERM=1"
"305","14.994132","192.168.178.21","35.152.66.6","TCP","66","[TCP Retransmission] [TCP Port numbers reused] 62895  >  8080 [SYN] Seq=0 Win=64240 Len=0 MSS=1460 WS=256 SACK_PERM=1"
"306","14.994196","192.168.178.21","35.152.66.6","TCP","66","[TCP Retransmission] [TCP Port numbers reused] 62896  >  8080 [SYN] Seq=0 Win=64240 Len=0 MSS=1460 WS=256 SACK_PERM=1"
"307","14.994268","192.168.178.21","35.152.66.6","TCP","66","[TCP Retransmission] [TCP Port numbers reused] 62897  >  8080 [SYN] Seq=0 Win=64240 Len=0 MSS=1460 WS=256 SACK_PERM=1"
"308","14.994381","192.168.178.21","35.152.66.6","TCP","66","[TCP Retransmission] [TCP Port numbers reused] 62898  >  8080 [SYN] Seq=0 Win=64240 Len=0 MSS=1460 WS=256 SACK_PERM=1"
"309","15.075298","192.168.178.65","239.255.255.250","UDP","77","44357  >  15600 Len=35"
"310","18.024823","192.168.178.65","192.168.178.255","UDP","77","41521  >  15600 Len=35"
"311","18.141057","192.168.178.21","216.58.209.35","UDP","127","52306  >  443 Len=85"
"312","18.153564","192.168.178.21","192.168.178.1","DNS","74","Standard query 0x79ae A wpad.fritz.box"
"313","18.157217","192.168.178.1","192.168.178.21","DNS","120","Standard query response 0x79ae A wpad.fritz.box A 192.168.178.1 NS fritz.box A 192.168.178.1"
"314","18.159137","192.168.178.21","192.168.178.1","TCP","66","62912  >  80 [SYN] Seq=0 Win=64240 Len=0 MSS=1460 WS=256 SACK_PERM=1"
"315","18.162427","192.168.178.1","192.168.178.21","TCP","66","80  >  62912 [SYN, ACK] Seq=0 Ack=1 Win=29200 Len=0 MSS=1460 SACK_PERM=1 WS=32"
"316","18.162549","192.168.178.21","192.168.178.1","TCP","54","62912  >  80 [ACK] Seq=1 Ack=1 Win=131328 Len=0"
"317","18.162916","192.168.178.21","192.168.178.1","HTTP","339","GET /wpad.dat HTTP/1.1 "
"318","18.164966","192.168.178.1","192.168.178.21","TCP","54","80  >  62912 [ACK] Seq=1 Ack=286 Win=30272 Len=0"
"319","18.167621","192.168.178.1","192.168.178.21","TCP","163","80  >  62912 [PSH, ACK] Seq=1 Ack=286 Win=30272 Len=109 [TCP segment of a reassembled PDU]"
"320","18.167621","192.168.178.1","192.168.178.21","TCP","1514","80  >  62912 [ACK] Seq=110 Ack=286 Win=30272 Len=1460 [TCP segment of a reassembled PDU]"
"321","18.167782","192.168.178.21","192.168.178.1","TCP","54","62912  >  80 [ACK] Seq=286 Ack=1570 Win=131328 Len=0"
"322","18.167981","192.168.178.21","192.168.178.1","TCP","54","62912  >  80 [FIN, ACK] Seq=286 Ack=1570 Win=131328 Len=0"
"323","18.168176","216.58.209.35","192.168.178.21","UDP","69","443  >  52306 Len=27"
"324","18.170356","192.168.178.1","192.168.178.21","HTTP","407","HTTP/1.1 400 Bad Request  (text/html)"
"325","18.170421","192.168.178.21","192.168.178.1","TCP","54","62912  >  80 [RST, ACK] Seq=287 Ack=1923 Win=0 Len=0"
"326","18.185567","216.58.209.35","192.168.178.21","UDP","157","443  >  52306 Len=115"
"327","18.186230","192.168.178.21","216.58.209.35","UDP","77","52306  >  443 Len=35"
"328","18.227642","216.58.209.35","192.168.178.21","UDP","67","443  >  52306 Len=25"
"329","18.609353","192.168.178.21","51.103.146.55","TCP","54","62651  >  443 [FIN, ACK] Seq=1 Ack=1 Win=517 Len=0"
"330","18.641552","51.103.146.55","192.168.178.21","TCP","54","443  >  62651 [FIN, ACK] Seq=1 Ack=2 Win=2049 Len=0"
"331","18.641743","192.168.178.21","51.103.146.55","TCP","54","62651  >  443 [ACK] Seq=2 Ack=2 Win=517 Len=0"
"332","18.994767","192.168.178.21","35.152.66.6","TCP","66","[TCP Retransmission] [TCP Port numbers reused] 62893  >  8080 [SYN] Seq=0 Win=64240 Len=0 MSS=1460 WS=256 SACK_PERM=1"
"333","18.995163","192.168.178.21","35.152.66.6","TCP","66","[TCP Retransmission] [TCP Port numbers reused] 62894  >  8080 [SYN] Seq=0 Win=64240 Len=0 MSS=1460 WS=256 SACK_PERM=1"
"334","18.995328","192.168.178.21","35.152.66.6","TCP","66","[TCP Retransmission] [TCP Port numbers reused] 62895  >  8080 [SYN] Seq=0 Win=64240 Len=0 MSS=1460 WS=256 SACK_PERM=1"
"335","18.995430","192.168.178.21","35.152.66.6","TCP","66","[TCP Retransmission] [TCP Port numbers reused] 62896  >  8080 [SYN] Seq=0 Win=64240 Len=0 MSS=1460 WS=256 SACK_PERM=1"
"336","18.995520","192.168.178.21","35.152.66.6","TCP","66","[TCP Retransmission] [TCP Port numbers reused] 62897  >  8080 [SYN] Seq=0 Win=64240 Len=0 MSS=1460 WS=256 SACK_PERM=1"
"337","18.995610","192.168.178.21","35.152.66.6","TCP","66","[TCP Retransmission] [TCP Port numbers reused] 62898  >  8080 [SYN] Seq=0 Win=64240 Len=0 MSS=1460 WS=256 SACK_PERM=1"
"338","19.254401","AVMAudio_37:6a:b7","Broadcast","HomePlug AV","60","Qualcomm Atheros, GET_SW.REQ (Get Device/SW Version Request)"
"339","19.254471","AVMAudio_37:6a:b7","Broadcast","0x8912","60","Ethernet II"
"340","20.993813","192.168.178.65","239.255.255.250","UDP","77","54275  >  15600 Len=35"
"341","20.995179","192.168.178.21","88.198.34.109","TCP","55","[TCP Keep-Alive] 60946  >  443 [ACK] Seq=1 Ack=1 Win=511 Len=1"
"342","21.013041","88.198.34.109","192.168.178.21","TCP","54","[TCP Keep-Alive] 443  >  60946 [ACK] Seq=0 Ack=2 Win=501 Len=0"
"343","21.013147","192.168.178.21","88.198.34.109","TCP","54","[TCP Keep-Alive ACK] 60946  >  443 [ACK] Seq=2 Ack=1 Win=511 Len=0"
"344","21.036973","88.198.34.109","192.168.178.21","TCP","66","[TCP Dup ACK 11#1] 443  >  60946 [ACK] Seq=1 Ack=2 Win=501 Len=0 SLE=1 SRE=2"
"345","21.254376","AVMAudio_37:6a:b7","Broadcast","0x8912","60","Ethernet II"
"346","22.454862","192.168.178.21","192.168.178.1","DNS","74","Standard query 0x479e A dl.acronis.com"
"347","22.477535","192.168.178.1","192.168.178.21","DNS","173","Standard query response 0x479e A dl.acronis.com CNAME acronis-dl.akamaized.net CNAME a1936.d.akamai.net A 151.29.122.170 A 151.29.122.27"
"348","22.493210","192.168.178.21","151.29.122.170","TCP","66","62927  >  443 [SYN] Seq=0 Win=64240 Len=0 MSS=1460 WS=256 SACK_PERM=1"
"349","22.502142","151.29.122.170","192.168.178.21","TCP","66","443  >  62927 [SYN, ACK] Seq=0 Ack=1 Win=64240 Len=0 MSS=1452 SACK_PERM=1 WS=128"
"350","22.502546","192.168.178.21","151.29.122.170","TCP","54","62927  >  443 [ACK] Seq=1 Ack=1 Win=132096 Len=0"
"351","22.503454","192.168.178.21","151.29.122.170","TLSv1.2","571","Client Hello"
"352","22.508569","192.168.178.21","151.29.122.170","TCP","66","62928  >  443 [SYN] Seq=0 Win=64240 Len=0 MSS=1460 WS=256 SACK_PERM=1"
"353","22.516104","151.29.122.170","192.168.178.21","TCP","54","443  >  62927 [ACK] Seq=1 Ack=518 Win=64128 Len=0"
"354","22.524821","151.29.122.170","192.168.178.21","TCP","66","443  >  62928 [SYN, ACK] Seq=0 Ack=1 Win=64240 Len=0 MSS=1452 SACK_PERM=1 WS=128"
"355","22.525209","192.168.178.21","151.29.122.170","TCP","54","62928  >  443 [ACK] Seq=1 Ack=1 Win=132096 Len=0"
"356","22.526197","192.168.178.21","151.29.122.170","TLSv1.2","571","Client Hello"
"357","22.539465","151.29.122.170","192.168.178.21","TCP","54","443  >  62928 [ACK] Seq=1 Ack=518 Win=64128 Len=0"
"358","22.551503","151.29.122.170","192.168.178.21","TLSv1.2","1506","Server Hello"
"359","22.551503","151.29.122.170","192.168.178.21","TLSv1.2","1506","Certificate [TCP segment of a reassembled PDU]"
"360","22.551503","151.29.122.170","192.168.178.21","TLSv1.2","313","Server Key Exchange, Server Hello Done"
"361","22.552202","192.168.178.21","151.29.122.170","TCP","54","62927  >  443 [ACK] Seq=518 Ack=2905 Win=132096 Len=0"
"362","22.566625","192.168.178.21","151.29.122.170","TLSv1.2","180","Client Key Exchange, Change Cipher Spec, Encrypted Handshake Message"
"363","22.576946","151.29.122.170","192.168.178.21","TLSv1.2","1506","Server Hello"
"364","22.576946","151.29.122.170","192.168.178.21","TLSv1.2","1506","Certificate [TCP segment of a reassembled PDU]"
"365","22.576946","151.29.122.170","192.168.178.21","TLSv1.2","313","Server Key Exchange, Server Hello Done"
"366","22.576946","151.29.122.170","192.168.178.21","TCP","54","443  >  62927 [ACK] Seq=3164 Ack=644 Win=64128 Len=0"
"367","22.576946","151.29.122.170","192.168.178.21","TLSv1.2","105","Change Cipher Spec, Encrypted Handshake Message"
"368","22.577511","192.168.178.21","151.29.122.170","TCP","54","62928  >  443 [ACK] Seq=518 Ack=2905 Win=132096 Len=0"
"369","22.578474","192.168.178.21","151.29.122.170","TLSv1.2","974","Application Data"
"370","22.585376","151.29.122.170","192.168.178.21","TCP","54","443  >  62927 [ACK] Seq=3215 Ack=1564 Win=64128 Len=0"
"371","22.593560","192.168.178.21","151.29.122.170","TLSv1.2","180","Client Key Exchange, Change Cipher Spec, Encrypted Handshake Message"
"372","22.613501","151.29.122.170","192.168.178.21","TCP","1506","443  >  62927 [ACK] Seq=3215 Ack=1564 Win=64128 Len=1452 [TCP segment of a reassembled PDU]"
"373","22.613501","151.29.122.170","192.168.178.21","TCP","1506","443  >  62927 [ACK] Seq=4667 Ack=1564 Win=64128 Len=1452 [TCP segment of a reassembled PDU]"
"374","22.613501","151.29.122.170","192.168.178.21","TCP","1506","443  >  62927 [ACK] Seq=6119 Ack=1564 Win=64128 Len=1452 [TCP segment of a reassembled PDU]"
"375","22.613501","151.29.122.170","192.168.178.21","TCP","1506","443  >  62927 [ACK] Seq=7571 Ack=1564 Win=64128 Len=1452 [TCP segment of a reassembled PDU]"
"376","22.613501","151.29.122.170","192.168.178.21","TLSv1.2","777","Application Data"
"377","22.613501","151.29.122.170","192.168.178.21","TCP","54","443  >  62928 [ACK] Seq=3164 Ack=644 Win=64128 Len=0"
"378","22.613501","151.29.122.170","192.168.178.21","TLSv1.2","105","Change Cipher Spec, Encrypted Handshake Message"
"379","22.614001","192.168.178.21","151.29.122.170","TCP","54","62927  >  443 [ACK] Seq=1564 Ack=6119 Win=132096 Len=0"
"380","22.614249","192.168.178.21","151.29.122.170","TCP","54","62927  >  443 [ACK] Seq=1564 Ack=9023 Win=132096 Len=0"
"381","22.615199","192.168.178.21","151.29.122.170","TLSv1.2","976","Application Data"
"382","22.616033","192.168.178.21","151.29.122.170","TLSv1.2","85","Encrypted Alert"
"383","22.616051","192.168.178.21","151.29.122.170","TCP","54","62927  >  443 [FIN, ACK] Seq=1595 Ack=9746 Win=131328 Len=0"
"384","22.617515","151.29.122.170","192.168.178.21","TCP","777","[TCP Spurious Retransmission] 443  >  62927 [PSH, ACK] Seq=9023 Ack=1564 Win=64128 Len=723"
"385","22.617887","192.168.178.21","151.29.122.170","TCP","66","[TCP Dup ACK 382#1] 62927  >  443 [ACK] Seq=1596 Ack=9746 Win=131328 Len=0 SLE=9023 SRE=9746"
"386","22.622476","151.29.122.170","192.168.178.21","TCP","54","443  >  62927 [ACK] Seq=9746 Ack=1595 Win=64128 Len=0"
"387","22.623125","151.29.122.170","192.168.178.21","TLSv1.2","85","Encrypted Alert"
"388","22.623125","151.29.122.170","192.168.178.21","TCP","54","443  >  62927 [FIN, ACK] Seq=9777 Ack=1596 Win=64128 Len=0"
"389","22.623125","151.29.122.170","192.168.178.21","TCP","54","443  >  62928 [ACK] Seq=3215 Ack=1566 Win=64128 Len=0"
"390","22.623450","192.168.178.21","151.29.122.170","TCP","54","62927  >  443 [RST, ACK] Seq=1596 Ack=9777 Win=0 Len=0"
"391","22.632476","151.29.122.170","192.168.178.21","TCP","1506","443  >  62928 [ACK] Seq=3215 Ack=1566 Win=64128 Len=1452 [TCP segment of a reassembled PDU]"
"392","22.632476","151.29.122.170","192.168.178.21","TCP","1506","443  >  62928 [ACK] Seq=4667 Ack=1566 Win=64128 Len=1452 [TCP segment of a reassembled PDU]"
"393","22.632476","151.29.122.170","192.168.178.21","TCP","1506","443  >  62928 [ACK] Seq=6119 Ack=1566 Win=64128 Len=1452 [TCP segment of a reassembled PDU]"
"394","22.632476","151.29.122.170","192.168.178.21","TCP","1506","443  >  62928 [ACK] Seq=7571 Ack=1566 Win=64128 Len=1452 [TCP segment of a reassembled PDU]"
"395","22.632476","151.29.122.170","192.168.178.21","TCP","1506","443  >  62928 [ACK] Seq=9023 Ack=1566 Win=64128 Len=1452 [TCP segment of a reassembled PDU]"
"396","22.632476","151.29.122.170","192.168.178.21","TCP","1506","443  >  62928 [ACK] Seq=10475 Ack=1566 Win=64128 Len=1452 [TCP segment of a reassembled PDU]"
"397","22.632476","151.29.122.170","192.168.178.21","TLSv1.2","611","Application Data"
"398","22.633260","192.168.178.21","151.29.122.170","TCP","54","62928  >  443 [ACK] Seq=1566 Ack=6119 Win=132096 Len=0"
"399","22.633614","192.168.178.21","151.29.122.170","TCP","54","62928  >  443 [ACK] Seq=1566 Ack=9023 Win=132096 Len=0"
"400","22.634032","192.168.178.21","151.29.122.170","TCP","54","62928  >  443 [ACK] Seq=1566 Ack=11927 Win=132096 Len=0"
"401","22.635905","192.168.178.21","151.29.122.170","TLSv1.2","85","Encrypted Alert"
"402","22.636040","192.168.178.21","151.29.122.170","TCP","54","62928  >  443 [FIN, ACK] Seq=1597 Ack=12484 Win=131328 Len=0"
"403","22.647681","151.29.122.170","192.168.178.21","TCP","54","443  >  62928 [ACK] Seq=12484 Ack=1597 Win=64128 Len=0"
"404","22.647681","151.29.122.170","192.168.178.21","TLSv1.2","85","Encrypted Alert"
"405","22.647681","151.29.122.170","192.168.178.21","TCP","54","443  >  62928 [FIN, ACK] Seq=12515 Ack=1598 Win=64128 Len=0"
"406","22.648107","192.168.178.21","151.29.122.170","TCP","54","62928  >  443 [RST, ACK] Seq=1598 Ack=12515 Win=0 Len=0"
"407","23.347629","AVMAudio_37:6a:b7","Broadcast","HomePlug AV","60","Qualcomm Atheros, GET_SW.REQ (Get Device/SW Version Request)"
"408","23.348462","AVMAudio_37:6a:b7","Broadcast","0x8912","60","Ethernet II"
"409","23.863981","192.168.178.21","142.250.153.188","TCP","55","62426  >  5228 [ACK] Seq=1 Ack=1 Win=512 Len=1"
"410","23.898227","142.250.153.188","192.168.178.21","TCP","66","5228  >  62426 [ACK] Seq=1 Ack=2 Win=265 Len=0 SLE=1 SRE=2"
"411","23.961848","192.168.178.65","192.168.178.255","UDP","77","33058  >  15600 Len=35"
"412","24.191679","192.168.178.21","2.16.81.70","TCP","54","62776  >  443 [FIN, ACK] Seq=1 Ack=1 Win=513 Len=0"
"413","24.192968","192.168.178.21","2.16.81.70","TCP","54","62777  >  443 [FIN, ACK] Seq=1 Ack=1 Win=513 Len=0"
"414","24.193206","192.168.178.21","35.186.224.25","TCP","54","62775  >  443 [FIN, ACK] Seq=1 Ack=1 Win=510 Len=0"
"415","24.193412","192.168.178.21","35.186.224.25","TCP","54","62774  >  443 [FIN, ACK] Seq=1 Ack=1 Win=510 Len=0"
"416","24.193647","192.168.178.21","35.186.224.25","TCP","54","62779  >  443 [FIN, ACK] Seq=1 Ack=1 Win=510 Len=0"
"417","24.193870","192.168.178.21","35.186.224.25","TCP","54","62778  >  443 [FIN, ACK] Seq=1 Ack=1 Win=510 Len=0"
"418","24.194837","192.168.178.21","151.21.209.104","TCP","54","62781  >  443 [FIN, ACK] Seq=1 Ack=1 Win=515 Len=0"
"419","24.195068","192.168.178.21","151.21.209.104","TCP","54","62780  >  443 [FIN, ACK] Seq=1 Ack=1 Win=511 Len=0"
"420","24.200830","2.16.81.70","192.168.178.21","TLSv1.2","85","Encrypted Alert"
"421","24.201113","192.168.178.21","2.16.81.70","TCP","54","62777  >  443 [RST, ACK] Seq=2 Ack=32 Win=0 Len=0"
"422","24.201776","2.16.81.70","192.168.178.21","TCP","54","443  >  62777 [FIN, ACK] Seq=32 Ack=2 Win=501 Len=0"
"423","24.202869","2.16.81.70","192.168.178.21","TLSv1.2","85","Encrypted Alert"
"424","24.203093","192.168.178.21","2.16.81.70","TCP","54","62776  >  443 [RST, ACK] Seq=2 Ack=32 Win=0 Len=0"
"425","24.203876","2.16.81.70","192.168.178.21","TCP","54","443  >  62776 [FIN, ACK] Seq=32 Ack=2 Win=501 Len=0"
"426","24.209342","35.186.224.25","192.168.178.21","TCP","54","443  >  62775 [FIN, ACK] Seq=1 Ack=2 Win=265 Len=0"
"427","24.209342","35.186.224.25","192.168.178.21","TCP","54","443  >  62779 [FIN, ACK] Seq=1 Ack=2 Win=265 Len=0"
"428","24.209342","35.186.224.25","192.168.178.21","TCP","54","443  >  62778 [FIN, ACK] Seq=1 Ack=2 Win=265 Len=0"
"429","24.209342","151.21.209.104","192.168.178.21","TLSv1.2","78","Application Data"
"430","24.210240","192.168.178.21","151.21.209.104","TCP","54","62780  >  443 [RST, ACK] Seq=2 Ack=25 Win=0 Len=0"
"431","24.210464","151.21.209.104","192.168.178.21","TCP","54","443  >  62780 [FIN, ACK] Seq=25 Ack=2 Win=501 Len=0"
"432","24.210464","35.186.224.25","192.168.178.21","TCP","54","443  >  62774 [FIN, ACK] Seq=1 Ack=2 Win=265 Len=0"
"433","24.221019","151.21.209.104","192.168.178.21","TLSv1.2","78","Application Data"
"434","24.221255","192.168.178.21","151.21.209.104","TCP","54","62781  >  443 [RST, ACK] Seq=2 Ack=25 Win=0 Len=0"
"435","24.222029","151.21.209.104","192.168.178.21","TCP","54","443  >  62781 [FIN, ACK] Seq=25 Ack=2 Win=501 Len=0"
"436","24.433940","35.186.224.25","192.168.178.21","TCP","54","[TCP Retransmission] 443  >  62775 [FIN, ACK] Seq=1 Ack=2 Win=265 Len=0"
"437","24.434028","192.168.178.21","35.186.224.25","TCP","54","[TCP ZeroWindow] 62775  >  443 [ACK] Seq=2 Ack=2 Win=0 Len=0"
"438","24.434936","35.186.224.25","192.168.178.21","TCP","54","[TCP Retransmission] 443  >  62774 [FIN, ACK] Seq=1 Ack=2 Win=265 Len=0"
"439","24.434936","35.186.224.25","192.168.178.21","TCP","54","[TCP Retransmission] 443  >  62779 [FIN, ACK] Seq=1 Ack=2 Win=265 Len=0"
"440","24.435004","192.168.178.21","35.186.224.25","TCP","54","[TCP ZeroWindow] 62774  >  443 [ACK] Seq=2 Ack=2 Win=0 Len=0"
"441","24.435062","192.168.178.21","35.186.224.25","TCP","54","[TCP ZeroWindow] 62779  >  443 [ACK] Seq=2 Ack=2 Win=0 Len=0"
"442","24.440329","35.186.224.25","192.168.178.21","TCP","54","[TCP Retransmission] 443  >  62778 [FIN, ACK] Seq=1 Ack=2 Win=265 Len=0"
"443","24.440388","192.168.178.21","35.186.224.25","TCP","54","[TCP ZeroWindow] 62778  >  443 [ACK] Seq=2 Ack=2 Win=0 Len=0"
"444","25.293317","AVMAudio_37:6a:b7","Broadcast","HomePlug AV","60","Qualcomm Atheros, GET_SW.REQ (Get Device/SW Version Request)"
"445","25.294266","AVMAudio_37:6a:b7","Broadcast","0x8912","60","Ethernet II"
"446","27.003671","192.168.178.21","35.152.66.6","TCP","66","[TCP Retransmission] [TCP Port numbers reused] 62893  >  8080 [SYN] Seq=0 Win=64240 Len=0 MSS=1460 WS=256 SACK_PERM=1"
"447","27.006335","192.168.178.21","35.152.66.6","TCP","66","[TCP Retransmission] [TCP Port numbers reused] 62894  >  8080 [SYN] Seq=0 Win=64240 Len=0 MSS=1460 WS=256 SACK_PERM=1"
"448","27.006506","192.168.178.21","35.152.66.6","TCP","66","[TCP Retransmission] [TCP Port numbers reused] 62895  >  8080 [SYN] Seq=0 Win=64240 Len=0 MSS=1460 WS=256 SACK_PERM=1"
"449","27.006641","192.168.178.21","35.152.66.6","TCP","66","[TCP Retransmission] [TCP Port numbers reused] 62896  >  8080 [SYN] Seq=0 Win=64240 Len=0 MSS=1460 WS=256 SACK_PERM=1"
"450","27.006732","192.168.178.21","35.152.66.6","TCP","66","[TCP Retransmission] [TCP Port numbers reused] 62897  >  8080 [SYN] Seq=0 Win=64240 Len=0 MSS=1460 WS=256 SACK_PERM=1"
"451","27.006851","192.168.178.21","35.152.66.6","TCP","66","[TCP Retransmission] [TCP Port numbers reused] 62898  >  8080 [SYN] Seq=0 Win=64240 Len=0 MSS=1460 WS=256 SACK_PERM=1"
"452","27.023431","192.168.178.65","239.255.255.250","UDP","77","51056  >  15600 Len=35"
"453","27.254861","AVMAudio_37:6a:b7","Broadcast","HomePlug AV","60","Qualcomm Atheros, GET_SW.REQ (Get Device/SW Version Request)"
"454","27.257057","AVMAudio_37:6a:b7","Broadcast","0x8912","60","Ethernet II"
"455","29.287128","AVMAudio_37:6a:b7","Broadcast","HomePlug AV","60","Qualcomm Atheros, GET_SW.REQ (Get Device/SW Version Request)"
"456","29.288632","AVMAudio_37:6a:b7","Broadcast","0x8912","60","Ethernet II"
"457","30.003779","192.168.178.65","192.168.178.255","UDP","77","53267  >  15600 Len=35"
"458","30.551387","192.168.178.21","20.44.10.122","TCP","54","62687  >  443 [FIN, ACK] Seq=1 Ack=1 Win=515 Len=0"
"459","30.854413","20.44.10.122","192.168.178.21","TCP","54","443  >  62687 [FIN, ACK] Seq=1 Ack=2 Win=2053 Len=0"
"460","30.854722","192.168.178.21","20.44.10.122","TCP","54","62687  >  443 [ACK] Seq=2 Ack=2 Win=515 Len=0"
"461","31.047674","192.168.178.21","88.198.34.109","TCP","55","[TCP Keep-Alive] 60946  >  443 [ACK] Seq=1 Ack=1 Win=511 Len=1"
"462","31.085852","88.198.34.109","192.168.178.21","TCP","66","[TCP Keep-Alive ACK] 443  >  60946 [ACK] Seq=1 Ack=2 Win=501 Len=0 SLE=1 SRE=2"
"463","31.341823","AVMAudio_37:6a:b7","Broadcast","HomePlug AV","60","Qualcomm Atheros, GET_SW.REQ (Get Device/SW Version Request)"
"464","31.341907","AVMAudio_37:6a:b7","Broadcast","0x8912","60","Ethernet II"
"465","32.458219","192.168.178.21","137.135.225.146","TLSv1.2","111","Application Data"
"466","32.530544","137.135.225.146","192.168.178.21","TLSv1.2","100","Application Data"
"467","32.577631","192.168.178.21","137.135.225.146","TCP","54","60819  >  443 [ACK] Seq=58 Ack=47 Win=516 Len=0"
"468","32.956374","192.168.178.65","239.255.255.250","UDP","77","53337  >  15600 Len=35"
"469","35.328557","AVMAudio_37:6a:b7","Broadcast","HomePlug AV","60","Qualcomm Atheros, GET_SW.REQ (Get Device/SW Version Request)"
"470","35.329403","AVMAudio_37:6a:b7","Broadcast","0x8912","60","Ethernet II"
"471","35.841853","192.168.178.65","239.255.255.250","SSDP","353","NOTIFY * HTTP/1.1 "
"472","35.842225","192.168.178.65","239.255.255.250","SSDP","362","NOTIFY * HTTP/1.1 "
"473","35.842413","192.168.178.65","239.255.255.250","SSDP","415","NOTIFY * HTTP/1.1 "
"474","35.842578","192.168.178.65","239.255.255.250","SSDP","401","NOTIFY * HTTP/1.1 "
"475","35.843689","192.168.178.65","239.255.255.250","SSDP","347","NOTIFY * HTTP/1.1 "
"476","35.843689","192.168.178.65","239.255.255.250","SSDP","356","NOTIFY * HTTP/1.1 "
"477","35.843689","192.168.178.65","239.255.255.250","SSDP","403","NOTIFY * HTTP/1.1 "
"478","35.843689","192.168.178.65","239.255.255.250","SSDP","411","NOTIFY * HTTP/1.1 "
"479","35.844208","192.168.178.65","239.255.255.250","SSDP","413","NOTIFY * HTTP/1.1 "
"480","35.844208","192.168.178.65","239.255.255.250","SSDP","401","NOTIFY * HTTP/1.1 "
"481","35.958479","192.168.178.65","192.168.178.255","UDP","77","34931  >  15600 Len=35"
"482","35.962254","192.168.178.65","239.255.255.250","SSDP","353","NOTIFY * HTTP/1.1 "
"483","35.962254","192.168.178.65","239.255.255.250","SSDP","362","NOTIFY * HTTP/1.1 "
"484","35.964227","192.168.178.65","239.255.255.250","SSDP","415","NOTIFY * HTTP/1.1 "
"485","35.964227","192.168.178.65","239.255.255.250","SSDP","401","NOTIFY * HTTP/1.1 "
"486","36.027517","192.168.178.65","239.255.255.250","SSDP","347","NOTIFY * HTTP/1.1 "
"487","36.027517","192.168.178.65","239.255.255.250","SSDP","356","NOTIFY * HTTP/1.1 "
"488","36.027517","192.168.178.65","239.255.255.250","SSDP","403","NOTIFY * HTTP/1.1 "
"489","36.027517","192.168.178.65","239.255.255.250","SSDP","411","NOTIFY * HTTP/1.1 "
"490","36.027517","192.168.178.65","239.255.255.250","SSDP","413","NOTIFY * HTTP/1.1 "
"491","36.027517","192.168.178.65","239.255.255.250","SSDP","401","NOTIFY * HTTP/1.1 "
"492","37.274525","AVMAudio_37:6a:b7","Broadcast","HomePlug AV","60","Qualcomm Atheros, GET_SW.REQ (Get Device/SW Version Request)"
"493","37.275104","AVMAudio_37:6a:b7","Broadcast","0x8912","60","Ethernet II"
"494","38.052319","192.168.178.21","35.152.66.6","TCP","66","62961  >  8080 [SYN] Seq=0 Win=64240 Len=0 MSS=1460 WS=256 SACK_PERM=1"
"495","38.052360","192.168.178.21","35.152.66.6","TCP","66","62964  >  8080 [SYN] Seq=0 Win=64240 Len=0 MSS=1460 WS=256 SACK_PERM=1"
"496","38.052365","192.168.178.21","35.152.66.6","TCP","66","62962  >  8080 [SYN] Seq=0 Win=64240 Len=0 MSS=1460 WS=256 SACK_PERM=1"
"497","38.052366","192.168.178.21","35.152.66.6","TCP","66","62963  >  8080 [SYN] Seq=0 Win=64240 Len=0 MSS=1460 WS=256 SACK_PERM=1"
"498","38.052433","192.168.178.21","35.152.66.6","TCP","66","62965  >  8080 [SYN] Seq=0 Win=64240 Len=0 MSS=1460 WS=256 SACK_PERM=1"
"499","38.052456","192.168.178.21","35.152.66.6","TCP","66","62966  >  8080 [SYN] Seq=0 Win=64240 Len=0 MSS=1460 WS=256 SACK_PERM=1"
"500","38.271388","192.168.178.21","192.168.178.1","DNS","91","Standard query 0x56c0 A teams.events.data.microsoft.com"
"501","38.279639","192.168.178.1","192.168.178.21","DNS","213","Standard query response 0x56c0 A teams.events.data.microsoft.com CNAME teams-events-data.trafficmanager.net CNAME onedscolprdcus13.centralus.cloudapp.azure.com A 52.182.143.211"
"502","38.280847","192.168.178.21","192.168.178.1","DNS","74","Standard query 0xf385 A wpad.fritz.box"
"503","38.281577","192.168.178.21","52.182.143.211","TCP","66","62967  >  443 [SYN] Seq=0 Win=64240 Len=0 MSS=1460 WS=256 SACK_PERM=1"
"504","38.284592","192.168.178.1","192.168.178.21","DNS","120","Standard query response 0xf385 A wpad.fritz.box A 192.168.178.1 NS fritz.box A 192.168.178.1"
"505","38.287661","192.168.178.21","192.168.178.1","TCP","66","62968  >  80 [SYN] Seq=0 Win=64240 Len=0 MSS=1460 WS=256 SACK_PERM=1"
"506","38.291405","192.168.178.1","192.168.178.21","TCP","66","80  >  62968 [SYN, ACK] Seq=0 Ack=1 Win=29200 Len=0 MSS=1460 SACK_PERM=1 WS=32"
"507","38.291796","192.168.178.21","192.168.178.1","TCP","54","62968  >  80 [ACK] Seq=1 Ack=1 Win=131328 Len=0"
"508","38.292572","192.168.178.21","192.168.178.1","HTTP","357","GET /wpad.dat HTTP/1.1 "
"509","38.294184","192.168.178.1","192.168.178.21","TCP","54","80  >  62968 [ACK] Seq=1 Ack=304 Win=30272 Len=0"
"510","38.296906","192.168.178.1","192.168.178.21","TCP","163","80  >  62968 [PSH, ACK] Seq=1 Ack=304 Win=30272 Len=109 [TCP segment of a reassembled PDU]"
"511","38.297609","192.168.178.21","192.168.178.1","TCP","54","62968  >  80 [FIN, ACK] Seq=304 Ack=110 Win=131072 Len=0"
"512","38.299849","192.168.178.1","192.168.178.21","TCP","1514","80  >  62968 [ACK] Seq=110 Ack=304 Win=30272 Len=1460 [TCP segment of a reassembled PDU]"
"513","38.299992","192.168.178.21","192.168.178.1","TCP","54","62968  >  80 [RST, ACK] Seq=305 Ack=1570 Win=0 Len=0"
"514","38.301692","192.168.178.1","192.168.178.21","HTTP","407","HTTP/1.1 400 Bad Request  (text/html)"
"515","38.465127","52.182.143.211","192.168.178.21","TCP","66","443  >  62967 [SYN, ACK] Seq=0 Ack=1 Win=65535 Len=0 MSS=1440 WS=256 SACK_PERM=1"
"516","38.465592","192.168.178.21","52.182.143.211","TCP","54","62967  >  443 [ACK] Seq=1 Ack=1 Win=132352 Len=0"
"517","38.466619","192.168.178.21","52.182.143.211","TLSv1.2","571","Client Hello"
"518","38.655133","52.182.143.211","192.168.178.21","TCP","1506","443  >  62967 [ACK] Seq=1 Ack=518 Win=525056 Len=1452 [TCP segment of a reassembled PDU]"
"519","38.655133","52.182.143.211","192.168.178.21","TCP","1506","443  >  62967 [ACK] Seq=1453 Ack=518 Win=525056 Len=1452 [TCP segment of a reassembled PDU]"
"520","38.655133","52.182.143.211","192.168.178.21","TCP","1506","443  >  62967 [ACK] Seq=2905 Ack=518 Win=525056 Len=1452 [TCP segment of a reassembled PDU]"
"521","38.655133","52.182.143.211","192.168.178.21","TCP","1506","443  >  62967 [ACK] Seq=4357 Ack=518 Win=525056 Len=1452 [TCP segment of a reassembled PDU]"
"522","38.655133","52.182.143.211","192.168.178.21","TLSv1.2","538","Server Hello, Certificate, Certificate Status, Server Key Exchange, Server Hello Done"
"523","38.655617","192.168.178.21","52.182.143.211","TCP","54","62967  >  443 [ACK] Seq=518 Ack=2905 Win=132352 Len=0"
"524","38.656120","192.168.178.21","52.182.143.211","TCP","54","62967  >  443 [ACK] Seq=518 Ack=5809 Win=132352 Len=0"
"525","38.698388","192.168.178.21","52.182.143.211","TCP","54","62967  >  443 [ACK] Seq=518 Ack=6293 Win=131840 Len=0"
"526","38.762142","192.168.178.21","52.182.143.211","TLSv1.2","212","Client Key Exchange, Change Cipher Spec, Encrypted Handshake Message"
"527","38.948038","52.182.143.211","192.168.178.21","TLSv1.2","105","Change Cipher Spec, Encrypted Handshake Message"
"528","38.949182","192.168.178.21","52.182.143.211","TLSv1.2","968","Application Data"
"529","38.957787","192.168.178.65","239.255.255.250","UDP","77","33929  >  15600 Len=35"
"530","39.059062","192.168.178.21","35.152.66.6","TCP","66","[TCP Retransmission] [TCP Port numbers reused] 62961  >  8080 [SYN] Seq=0 Win=64240 Len=0 MSS=1460 WS=256 SACK_PERM=1"
"531","39.059319","192.168.178.21","35.152.66.6","TCP","66","[TCP Retransmission] [TCP Port numbers reused] 62964  >  8080 [SYN] Seq=0 Win=64240 Len=0 MSS=1460 WS=256 SACK_PERM=1"
"532","39.059441","192.168.178.21","35.152.66.6","TCP","66","[TCP Retransmission] [TCP Port numbers reused] 62962  >  8080 [SYN] Seq=0 Win=64240 Len=0 MSS=1460 WS=256 SACK_PERM=1"
"533","39.059579","192.168.178.21","35.152.66.6","TCP","66","[TCP Retransmission] [TCP Port numbers reused] 62963  >  8080 [SYN] Seq=0 Win=64240 Len=0 MSS=1460 WS=256 SACK_PERM=1"
"534","39.059634","192.168.178.21","35.152.66.6","TCP","66","[TCP Retransmission] [TCP Port numbers reused] 62965  >  8080 [SYN] Seq=0 Win=64240 Len=0 MSS=1460 WS=256 SACK_PERM=1"
"535","39.059741","192.168.178.21","35.152.66.6","TCP","66","[TCP Retransmission] [TCP Port numbers reused] 62966  >  8080 [SYN] Seq=0 Win=64240 Len=0 MSS=1460 WS=256 SACK_PERM=1"
"536","39.139582","52.182.143.211","192.168.178.21","TLSv1.2","667","Application Data"
"537","39.145262","192.168.178.21","52.182.143.211","TCP","66","62970  >  443 [SYN] Seq=0 Win=64240 Len=0 MSS=1460 WS=256 SACK_PERM=1"
"538","39.184336","192.168.178.21","52.182.143.211","TCP","54","62967  >  443 [ACK] Seq=1590 Ack=6957 Win=131328 Len=0"
"539","39.257883","AVMAudio_37:6a:b7","Broadcast","HomePlug AV","60","Qualcomm Atheros, GET_SW.REQ (Get Device/SW Version Request)"
"540","39.258831","AVMAudio_37:6a:b7","Broadcast","0x8912","60","Ethernet II"
"541","39.404872","192.168.178.21","52.182.143.211","TCP","66","62971  >  443 [SYN] Seq=0 Win=64240 Len=0 MSS=1460 WS=256 SACK_PERM=1"
"542","39.429365","52.182.143.211","192.168.178.21","TCP","66","443  >  62970 [SYN, ACK] Seq=0 Ack=1 Win=65535 Len=0 MSS=1440 WS=256 SACK_PERM=1"
"543","39.429710","192.168.178.21","52.182.143.211","TCP","54","62970  >  443 [ACK] Seq=1 Ack=1 Win=132352 Len=0"
"544","39.430882","192.168.178.21","52.182.143.211","TLSv1.2","571","Client Hello"
"545","39.725605","52.182.143.211","192.168.178.21","TCP","1506","443  >  62970 [ACK] Seq=1 Ack=518 Win=525056 Len=1452 [TCP segment of a reassembled PDU]"
"546","39.725605","52.182.143.211","192.168.178.21","TCP","1506","443  >  62970 [ACK] Seq=1453 Ack=518 Win=525056 Len=1452 [TCP segment of a reassembled PDU]"
"547","39.725605","52.182.143.211","192.168.178.21","TCP","1506","443  >  62970 [ACK] Seq=2905 Ack=518 Win=525056 Len=1452 [TCP segment of a reassembled PDU]"
"548","39.725605","52.182.143.211","192.168.178.21","TCP","1506","443  >  62970 [ACK] Seq=4357 Ack=518 Win=525056 Len=1452 [TCP segment of a reassembled PDU]"
"549","39.725605","52.182.143.211","192.168.178.21","TLSv1.2","538","Server Hello, Certificate, Certificate Status, Server Key Exchange, Server Hello Done"
"550","39.726203","192.168.178.21","52.182.143.211","TCP","54","62970  >  443 [ACK] Seq=518 Ack=2905 Win=132352 Len=0"
"551","39.726676","192.168.178.21","52.182.143.211","TCP","54","62970  >  443 [ACK] Seq=518 Ack=5809 Win=132352 Len=0"
"552","39.735146","192.168.178.21","52.182.143.211","TLSv1.2","212","Client Key Exchange, Change Cipher Spec, Encrypted Handshake Message"
"553","39.745045","52.182.143.211","192.168.178.21","TCP","66","443  >  62971 [SYN, ACK] Seq=0 Ack=1 Win=65535 Len=0 MSS=1440 WS=256 SACK_PERM=1"
"554","39.745446","192.168.178.21","52.182.143.211","TCP","54","62971  >  443 [ACK] Seq=1 Ack=1 Win=132352 Len=0"
"555","39.746569","192.168.178.21","52.182.143.211","TLSv1.2","571","Client Hello"
"556","40.032075","52.182.143.211","192.168.178.21","TLSv1.2","105","Change Cipher Spec, Encrypted Handshake Message"
"557","40.033612","192.168.178.21","52.182.143.211","TLSv1.2","1297","Application Data"
"558","40.033986","192.168.178.21","52.182.143.211","TCP","1494","62970  >  443 [ACK] Seq=1919 Ack=6344 Win=131840 Len=1440 [TCP segment of a reassembled PDU]"
"559","40.033986","192.168.178.21","52.182.143.211","TLSv1.2","668","Application Data"
"560","40.083043","52.182.143.211","192.168.178.21","TCP","1506","443  >  62971 [ACK] Seq=1 Ack=518 Win=525056 Len=1452 [TCP segment of a reassembled PDU]"
"561","40.083043","52.182.143.211","192.168.178.21","TCP","1506","443  >  62971 [ACK] Seq=1453 Ack=518 Win=525056 Len=1452 [TCP segment of a reassembled PDU]"
"562","40.083337","192.168.178.21","52.182.143.211","TCP","54","62971  >  443 [ACK] Seq=518 Ack=2905 Win=132352 Len=0"
"563","40.083860","52.182.143.211","192.168.178.21","TCP","1506","443  >  62971 [ACK] Seq=2905 Ack=518 Win=525056 Len=1452 [TCP segment of a reassembled PDU]"
"564","40.083860","52.182.143.211","192.168.178.21","TCP","1506","443  >  62971 [ACK] Seq=4357 Ack=518 Win=525056 Len=1452 [TCP segment of a reassembled PDU]"
"565","40.083860","52.182.143.211","192.168.178.21","TLSv1.2","538","Server Hello, Certificate, Certificate Status, Server Key Exchange, Server Hello Done"
"566","40.084062","192.168.178.21","52.182.143.211","TCP","54","62971  >  443 [ACK] Seq=518 Ack=5809 Win=132352 Len=0"
"567","40.087223","192.168.178.21","52.182.143.211","TLSv1.2","212","Client Key Exchange, Change Cipher Spec, Encrypted Handshake Message"
"568","40.316297","52.182.143.211","192.168.178.21","TCP","54","443  >  62970 [ACK] Seq=6344 Ack=3973 Win=525568 Len=0"
"569","40.321047","52.182.143.211","192.168.178.21","TLSv1.2","543","Application Data"
"570","40.374376","192.168.178.21","52.182.143.211","TCP","54","62970  >  443 [ACK] Seq=3973 Ack=6833 Win=131328 Len=0"
"571","40.419990","52.182.143.211","192.168.178.21","TLSv1.2","105","Change Cipher Spec, Encrypted Handshake Message"
"572","40.467405","192.168.178.21","52.182.143.211","TCP","54","62971  >  443 [ACK] Seq=676 Ack=6344 Win=131840 Len=0"
"573","40.654298","16:33:e4:6d:95:8f","Broadcast","ARP","42","Who has 192.168.178.1? Tell 192.168.178.42"
"574","40.654611","192.168.178.55","224.0.0.251","MDNS","152","Standard query 0x0000 PTR lb._dns-sd._udp.local, ""QU"" question PTR _companion-link._tcp.local, ""QU"" question PTR _homekit._tcp.local, ""QU"" question OPT"
"575","40.656622","fe80::1c35:64c:cb40:9640","ff02::fb","MDNS","172","Standard query 0x0000 PTR lb._dns-sd._udp.local, ""QU"" question PTR _companion-link._tcp.local, ""QU"" question PTR _homekit._tcp.local, ""QU"" question OPT"
"576","41.028718","192.168.178.21","40.74.219.49","TCP","55","62636  >  443 [ACK] Seq=1 Ack=1 Win=514 Len=1 [TCP segment of a reassembled PDU]"
"577","41.075756","192.168.178.21","35.152.66.6","TCP","66","[TCP Retransmission] [TCP Port numbers reused] 62961  >  8080 [SYN] Seq=0 Win=64240 Len=0 MSS=1460 WS=256 SACK_PERM=1"
"578","41.075958","192.168.178.21","35.152.66.6","TCP","66","[TCP Retransmission] [TCP Port numbers reused] 62964  >  8080 [SYN] Seq=0 Win=64240 Len=0 MSS=1460 WS=256 SACK_PERM=1"
"579","41.076092","192.168.178.21","35.152.66.6","TCP","66","[TCP Retransmission] [TCP Port numbers reused] 62962  >  8080 [SYN] Seq=0 Win=64240 Len=0 MSS=1460 WS=256 SACK_PERM=1"
"580","41.076232","192.168.178.21","35.152.66.6","TCP","66","[TCP Retransmission] [TCP Port numbers reused] 62963  >  8080 [SYN] Seq=0 Win=64240 Len=0 MSS=1460 WS=256 SACK_PERM=1"
"581","41.076330","192.168.178.21","35.152.66.6","TCP","66","[TCP Retransmission] [TCP Port numbers reused] 62965  >  8080 [SYN] Seq=0 Win=64240 Len=0 MSS=1460 WS=256 SACK_PERM=1"
"582","41.076461","192.168.178.21","35.152.66.6","TCP","66","[TCP Retransmission] [TCP Port numbers reused] 62966  >  8080 [SYN] Seq=0 Win=64240 Len=0 MSS=1460 WS=256 SACK_PERM=1"
"583","41.090789","192.168.178.21","88.198.34.109","TCP","55","[TCP Keep-Alive] 60946  >  443 [ACK] Seq=1 Ack=1 Win=511 Len=1"
"584","41.146748","88.198.34.109","192.168.178.21","TCP","66","[TCP Keep-Alive ACK] 443  >  60946 [ACK] Seq=1 Ack=2 Win=501 Len=0 SLE=1 SRE=2"
"585","41.262976","40.74.219.49","192.168.178.21","TCP","66","443  >  62636 [ACK] Seq=1 Ack=2 Win=2053 Len=0 SLE=1 SRE=2"
"586","41.269740","AVMAudio_37:6a:b7","Broadcast","HomePlug AV","60","Qualcomm Atheros, GET_SW.REQ (Get Device/SW Version Request)"
"587","41.270592","AVMAudio_37:6a:b7","Broadcast","0x8912","60","Ethernet II"
"588","41.654148","192.168.178.55","224.0.0.251","MDNS","152","Standard query 0x0000 PTR lb._dns-sd._udp.local, ""QM"" question PTR _companion-link._tcp.local, ""QM"" question PTR _homekit._tcp.local, ""QM"" question OPT"
"589","41.656098","fe80::1c35:64c:cb40:9640","ff02::fb","MDNS","172","Standard query 0x0000 PTR lb._dns-sd._udp.local, ""QM"" question PTR _companion-link._tcp.local, ""QM"" question PTR _homekit._tcp.local, ""QM"" question OPT"
"590","41.984445","192.168.178.65","192.168.178.255","UDP","77","42585  >  15600 Len=35"
"591","43.315896","AVMAudio_37:6a:b7","Broadcast","HomePlug AV","60","Qualcomm Atheros, GET_SW.REQ (Get Device/SW Version Request)"
"592","43.316756","AVMAudio_37:6a:b7","Broadcast","0x8912","60","Ethernet II"
"593","44.044916","192.168.178.21","52.182.143.211","TCP","54","62970  >  443 [FIN, ACK] Seq=3973 Ack=6833 Win=131328 Len=0"
"594","44.047711","192.168.178.21","52.182.143.211","TCP","54","62971  >  443 [FIN, ACK] Seq=676 Ack=6344 Win=131840 Len=0"
"595","44.047916","192.168.178.21","52.182.143.211","TCP","54","62967  >  443 [FIN, ACK] Seq=1590 Ack=6957 Win=131328 Len=0"
"596","44.233131","52.182.143.211","192.168.178.21","TCP","54","443  >  62967 [FIN, ACK] Seq=6957 Ack=1591 Win=525568 Len=0"
"597","44.233429","192.168.178.21","52.182.143.211","TCP","54","62967  >  443 [ACK] Seq=1591 Ack=6958 Win=131328 Len=0"
"598","44.334591","52.182.143.211","192.168.178.21","TCP","54","443  >  62970 [FIN, ACK] Seq=6833 Ack=3974 Win=525568 Len=0"
"599","44.334936","192.168.178.21","52.182.143.211","TCP","54","62970  >  443 [ACK] Seq=3974 Ack=6834 Win=131328 Len=0"
"600","44.381055","52.182.143.211","192.168.178.21","TCP","54","443  >  62971 [RST, ACK] Seq=6344 Ack=677 Win=0 Len=0"
"601","44.660990","192.168.178.55","224.0.0.251","MDNS","152","Standard query 0x0000 PTR lb._dns-sd._udp.local, ""QM"" question PTR _companion-link._tcp.local, ""QM"" question PTR _homekit._tcp.local, ""QM"" question OPT"
"602","44.662974","fe80::1c35:64c:cb40:9640","ff02::fb","MDNS","172","Standard query 0x0000 PTR lb._dns-sd._udp.local, ""QM"" question PTR _companion-link._tcp.local, ""QM"" question PTR _homekit._tcp.local, ""QM"" question OPT"
"603","45.057216","192.168.178.65","239.255.255.250","UDP","77","36834  >  15600 Len=35"
"604","45.080065","192.168.178.21","35.152.66.6","TCP","66","[TCP Retransmission] [TCP Port numbers reused] 62961  >  8080 [SYN] Seq=0 Win=64240 Len=0 MSS=1460 WS=256 SACK_PERM=1"
"605","45.082666","192.168.178.21","35.152.66.6","TCP","66","[TCP Retransmission] [TCP Port numbers reused] 62964  >  8080 [SYN] Seq=0 Win=64240 Len=0 MSS=1460 WS=256 SACK_PERM=1"
"606","45.082838","192.168.178.21","35.152.66.6","TCP","66","[TCP Retransmission] [TCP Port numbers reused] 62962  >  8080 [SYN] Seq=0 Win=64240 Len=0 MSS=1460 WS=256 SACK_PERM=1"
"607","45.082978","192.168.178.21","35.152.66.6","TCP","66","[TCP Retransmission] [TCP Port numbers reused] 62963  >  8080 [SYN] Seq=0 Win=64240 Len=0 MSS=1460 WS=256 SACK_PERM=1"
"608","45.082998","192.168.178.21","35.152.66.6","TCP","66","[TCP Retransmission] [TCP Port numbers reused] 62965  >  8080 [SYN] Seq=0 Win=64240 Len=0 MSS=1460 WS=256 SACK_PERM=1"
"609","45.083038","192.168.178.21","35.152.66.6","TCP","66","[TCP Retransmission] [TCP Port numbers reused] 62966  >  8080 [SYN] Seq=0 Win=64240 Len=0 MSS=1460 WS=256 SACK_PERM=1"
"610","45.363448","AVMAudio_37:6a:b7","Broadcast","HomePlug AV","60","Qualcomm Atheros, GET_SW.REQ (Get Device/SW Version Request)"
"611","45.364646","AVMAudio_37:6a:b7","Broadcast","0x8912","60","Ethernet II"
"612","47.309387","AVMAudio_37:6a:b7","Broadcast","HomePlug AV","60","Qualcomm Atheros, GET_SW.REQ (Get Device/SW Version Request)"
"613","47.311199","AVMAudio_37:6a:b7","Broadcast","0x8912","60","Ethernet II"
"614","48.026361","192.168.178.65","192.168.178.255","UDP","77","34048  >  15600 Len=35"
"615","49.357390","AVMAudio_37:6a:b7","Broadcast","HomePlug AV","60","Qualcomm Atheros, GET_SW.REQ (Get Device/SW Version Request)"
"616","49.358333","AVMAudio_37:6a:b7","Broadcast","0x8912","60","Ethernet II"
"617","51.018663","192.168.178.65","239.255.255.250","UDP","77","39295  >  15600 Len=35"
"618","51.161139","192.168.178.21","88.198.34.109","TCP","55","[TCP Keep-Alive] 60946  >  443 [ACK] Seq=1 Ack=1 Win=511 Len=1"
"619","51.203550","88.198.34.109","192.168.178.21","TCP","66","[TCP Keep-Alive ACK] 443  >  60946 [ACK] Seq=1 Ack=2 Win=501 Len=0 SLE=1 SRE=2"
"620","51.302890","AVMAudio_37:6a:b7","Broadcast","HomePlug AV","60","Qualcomm Atheros, GET_SW.REQ (Get Device/SW Version Request)"
"621","51.303856","AVMAudio_37:6a:b7","Broadcast","0x8912","60","Ethernet II"
"622","53.084667","192.168.178.21","35.152.66.6","TCP","66","[TCP Retransmission] [TCP Port numbers reused] 62961  >  8080 [SYN] Seq=0 Win=64240 Len=0 MSS=1460 WS=256 SACK_PERM=1"
"623","53.084826","192.168.178.21","35.152.66.6","TCP","66","[TCP Retransmission] [TCP Port numbers reused] 62964  >  8080 [SYN] Seq=0 Win=64240 Len=0 MSS=1460 WS=256 SACK_PERM=1"
"624","53.084920","192.168.178.21","35.152.66.6","TCP","66","[TCP Retransmission] [TCP Port numbers reused] 62962  >  8080 [SYN] Seq=0 Win=64240 Len=0 MSS=1460 WS=256 SACK_PERM=1"
"625","53.085012","192.168.178.21","35.152.66.6","TCP","66","[TCP Retransmission] [TCP Port numbers reused] 62963  >  8080 [SYN] Seq=0 Win=64240 Len=0 MSS=1460 WS=256 SACK_PERM=1"
"626","53.085078","192.168.178.21","35.152.66.6","TCP","66","[TCP Retransmission] [TCP Port numbers reused] 62965  >  8080 [SYN] Seq=0 Win=64240 Len=0 MSS=1460 WS=256 SACK_PERM=1"
"627","53.085166","192.168.178.21","35.152.66.6","TCP","66","[TCP Retransmission] [TCP Port numbers reused] 62966  >  8080 [SYN] Seq=0 Win=64240 Len=0 MSS=1460 WS=256 SACK_PERM=1"
"628","53.260619","AVMAudio_37:6a:b7","Broadcast","HomePlug AV","60","Qualcomm Atheros, GET_SW.REQ (Get Device/SW Version Request)"
"629","53.350775","AVMAudio_37:6a:b7","Broadcast","0x8912","60","Ethernet II"
"630","54.579571","192.168.178.21","157.90.91.75","TCP","55","[TCP Keep-Alive] 60858  >  443 [ACK] Seq=28 Ack=25 Win=515 Len=1"
"631","54.623974","157.90.91.75","192.168.178.21","TCP","66","[TCP Keep-Alive ACK] 443  >  60858 [ACK] Seq=25 Ack=29 Win=501 Len=0 SLE=28 SRE=29"
"632","55.297594","AVMAudio_37:6a:b7","Broadcast","0x8912","60","Ethernet II"
"633","55.361928","192.168.178.21","157.90.91.75","TCP","55","[TCP Keep-Alive] 60871  >  443 [ACK] Seq=28 Ack=25 Win=511 Len=1"
"634","55.443724","157.90.91.75","192.168.178.21","TCP","66","[TCP Keep-Alive ACK] 443  >  60871 [ACK] Seq=25 Ack=29 Win=501 Len=0 SLE=28 SRE=29"
"635","56.736119","192.168.178.21","51.104.30.131","TLSv1.2","123","Application Data"
"636","56.777569","51.104.30.131","192.168.178.21","TLSv1.2","123","Application Data"
"637","56.828649","192.168.178.21","51.104.30.131","TCP","54","61186  >  8883 [ACK] Seq=70 Ack=70 Win=516 Len=0"
"638","56.969897","192.168.178.65","239.255.255.250","UDP","77","40444  >  15600 Len=35"
"639","57.344426","AVMAudio_37:6a:b7","Broadcast","HomePlug AV","60","Qualcomm Atheros, GET_SW.REQ (Get Device/SW Version Request)"
"640","57.345410","AVMAudio_37:6a:b7","Broadcast","0x8912","60","Ethernet II"
"641","58.268875","fe80::1c35:64c:cb40:9640","ff02::fb","MDNS","172","Standard query 0x0000 PTR lb._dns-sd._udp.local, ""QU"" question PTR _companion-link._tcp.local, ""QU"" question PTR _homekit._tcp.local, ""QU"" question OPT"
"642","58.369256","96:a5:76:a7:dd:51","Broadcast","ARP","64","Gratuitous ARP for 192.168.178.55 (Request)"
"643","58.881503","192.168.178.55","224.0.0.251","MDNS","152","Standard query 0x0000 PTR lb._dns-sd._udp.local, ""QU"" question PTR _companion-link._tcp.local, ""QU"" question PTR _homekit._tcp.local, ""QU"" question OPT"
"644","58.883354","fe80::1c35:64c:cb40:9640","ff02::fb","MDNS","172","Standard query 0x0000 PTR lb._dns-sd._udp.local, ""QU"" question PTR _companion-link._tcp.local, ""QU"" question PTR _homekit._tcp.local, ""QU"" question OPT"
"645","59.291172","AVMAudio_37:6a:b7","Broadcast","HomePlug AV","60","Qualcomm Atheros, GET_SW.REQ (Get Device/SW Version Request)"
"646","59.291266","AVMAudio_37:6a:b7","Broadcast","0x8912","60","Ethernet II"
"647","60.007281","192.168.178.65","192.168.178.255","UDP","77","38300  >  15600 Len=35"
